[{"model": "auth.permission", "pk": 1, "fields": {"name": "Can add log entry", "content_type": 1, "codename": "add_logentry"}}, {"model": "auth.permission", "pk": 2, "fields": {"name": "Can change log entry", "content_type": 1, "codename": "change_logentry"}}, {"model": "auth.permission", "pk": 3, "fields": {"name": "Can delete log entry", "content_type": 1, "codename": "delete_logentry"}}, {"model": "auth.permission", "pk": 4, "fields": {"name": "Can view log entry", "content_type": 1, "codename": "view_logentry"}}, {"model": "auth.permission", "pk": 5, "fields": {"name": "Can add permission", "content_type": 3, "codename": "add_permission"}}, {"model": "auth.permission", "pk": 6, "fields": {"name": "Can change permission", "content_type": 3, "codename": "change_permission"}}, {"model": "auth.permission", "pk": 7, "fields": {"name": "Can delete permission", "content_type": 3, "codename": "delete_permission"}}, {"model": "auth.permission", "pk": 8, "fields": {"name": "Can view permission", "content_type": 3, "codename": "view_permission"}}, {"model": "auth.permission", "pk": 9, "fields": {"name": "Can add group", "content_type": 2, "codename": "add_group"}}, {"model": "auth.permission", "pk": 10, "fields": {"name": "Can change group", "content_type": 2, "codename": "change_group"}}, {"model": "auth.permission", "pk": 11, "fields": {"name": "Can delete group", "content_type": 2, "codename": "delete_group"}}, {"model": "auth.permission", "pk": 12, "fields": {"name": "Can view group", "content_type": 2, "codename": "view_group"}}, {"model": "auth.permission", "pk": 13, "fields": {"name": "Can add user", "content_type": 4, "codename": "add_user"}}, {"model": "auth.permission", "pk": 14, "fields": {"name": "Can change user", "content_type": 4, "codename": "change_user"}}, {"model": "auth.permission", "pk": 15, "fields": {"name": "Can delete user", "content_type": 4, "codename": "delete_user"}}, {"model": "auth.permission", "pk": 16, "fields": {"name": "Can view user", "content_type": 4, "codename": "view_user"}}, {"model": "auth.permission", "pk": 17, "fields": {"name": "Can add content type", "content_type": 5, "codename": "add_contenttype"}}, {"model": "auth.permission", "pk": 18, "fields": {"name": "Can change content type", "content_type": 5, "codename": "change_contenttype"}}, {"model": "auth.permission", "pk": 19, "fields": {"name": "Can delete content type", "content_type": 5, "codename": "delete_contenttype"}}, {"model": "auth.permission", "pk": 20, "fields": {"name": "Can view content type", "content_type": 5, "codename": "view_contenttype"}}, {"model": "auth.permission", "pk": 21, "fields": {"name": "Can add session", "content_type": 6, "codename": "add_session"}}, {"model": "auth.permission", "pk": 22, "fields": {"name": "Can change session", "content_type": 6, "codename": "change_session"}}, {"model": "auth.permission", "pk": 23, "fields": {"name": "Can delete session", "content_type": 6, "codename": "delete_session"}}, {"model": "auth.permission", "pk": 24, "fields": {"name": "Can view session", "content_type": 6, "codename": "view_session"}}, {"model": "auth.permission", "pk": 25, "fields": {"name": "Can add course pdf", "content_type": 7, "codename": "add_coursepdf"}}, {"model": "auth.permission", "pk": 26, "fields": {"name": "Can change course pdf", "content_type": 7, "codename": "change_coursepdf"}}, {"model": "auth.permission", "pk": 27, "fields": {"name": "Can delete course pdf", "content_type": 7, "codename": "delete_coursepdf"}}, {"model": "auth.permission", "pk": 28, "fields": {"name": "Can view course pdf", "content_type": 7, "codename": "view_coursepdf"}}, {"model": "auth.permission", "pk": 29, "fields": {"name": "Can add deck", "content_type": 8, "codename": "add_deck"}}, {"model": "auth.permission", "pk": 30, "fields": {"name": "Can change deck", "content_type": 8, "codename": "change_deck"}}, {"model": "auth.permission", "pk": 31, "fields": {"name": "Can delete deck", "content_type": 8, "codename": "delete_deck"}}, {"model": "auth.permission", "pk": 32, "fields": {"name": "Can view deck", "content_type": 8, "codename": "view_deck"}}, {"model": "auth.permission", "pk": 33, "fields": {"name": "Can add flashcard", "content_type": 9, "codename": "add_flashcard"}}, {"model": "auth.permission", "pk": 34, "fields": {"name": "Can change flashcard", "content_type": 9, "codename": "change_flashcard"}}, {"model": "auth.permission", "pk": 35, "fields": {"name": "Can delete flashcard", "content_type": 9, "codename": "delete_flashcard"}}, {"model": "auth.permission", "pk": 36, "fields": {"name": "Can view flashcard", "content_type": 9, "codename": "view_flashcard"}}, {"model": "auth.permission", "pk": 37, "fields": {"name": "Can add quiz", "content_type": 10, "codename": "add_quiz"}}, {"model": "auth.permission", "pk": 38, "fields": {"name": "Can change quiz", "content_type": 10, "codename": "change_quiz"}}, {"model": "auth.permission", "pk": 39, "fields": {"name": "Can delete quiz", "content_type": 10, "codename": "delete_quiz"}}, {"model": "auth.permission", "pk": 40, "fields": {"name": "Can view quiz", "content_type": 10, "codename": "view_quiz"}}, {"model": "auth.permission", "pk": 41, "fields": {"name": "Can add quiz attempt", "content_type": 11, "codename": "add_quizattempt"}}, {"model": "auth.permission", "pk": 42, "fields": {"name": "Can change quiz attempt", "content_type": 11, "codename": "change_quizattempt"}}, {"model": "auth.permission", "pk": 43, "fields": {"name": "Can delete quiz attempt", "content_type": 11, "codename": "delete_quizattempt"}}, {"model": "auth.permission", "pk": 44, "fields": {"name": "Can view quiz attempt", "content_type": 11, "codename": "view_quizattempt"}}, {"model": "auth.permission", "pk": 45, "fields": {"name": "Can add quiz question", "content_type": 12, "codename": "add_quizquestion"}}, {"model": "auth.permission", "pk": 46, "fields": {"name": "Can change quiz question", "content_type": 12, "codename": "change_quizquestion"}}, {"model": "auth.permission", "pk": 47, "fields": {"name": "Can delete quiz question", "content_type": 12, "codename": "delete_quizquestion"}}, {"model": "auth.permission", "pk": 48, "fields": {"name": "Can view quiz question", "content_type": 12, "codename": "view_quizquestion"}}, {"model": "auth.permission", "pk": 49, "fields": {"name": "Can add availability", "content_type": 13, "codename": "add_availability"}}, {"model": "auth.permission", "pk": 50, "fields": {"name": "Can change availability", "content_type": 13, "codename": "change_availability"}}, {"model": "auth.permission", "pk": 51, "fields": {"name": "Can delete availability", "content_type": 13, "codename": "delete_availability"}}, {"model": "auth.permission", "pk": 52, "fields": {"name": "Can view availability", "content_type": 13, "codename": "view_availability"}}, {"model": "auth.permission", "pk": 53, "fields": {"name": "Can add revision plan", "content_type": 14, "codename": "add_revisionplan"}}, {"model": "auth.permission", "pk": 54, "fields": {"name": "Can change revision plan", "content_type": 14, "codename": "change_revisionplan"}}, {"model": "auth.permission", "pk": 55, "fields": {"name": "Can delete revision plan", "content_type": 14, "codename": "delete_revisionplan"}}, {"model": "auth.permission", "pk": 56, "fields": {"name": "Can view revision plan", "content_type": 14, "codename": "view_revisionplan"}}, {"model": "auth.permission", "pk": 57, "fields": {"name": "Can add revision session", "content_type": 15, "codename": "add_revisionsession"}}, {"model": "auth.permission", "pk": 58, "fields": {"name": "Can change revision session", "content_type": 15, "codename": "change_revisionsession"}}, {"model": "auth.permission", "pk": 59, "fields": {"name": "Can delete revision session", "content_type": 15, "codename": "delete_revisionsession"}}, {"model": "auth.permission", "pk": 60, "fields": {"name": "Can view revision session", "content_type": 15, "codename": "view_revisionsession"}}, {"model": "auth.permission", "pk": 61, "fields": {"name": "Can add to do", "content_type": 16, "codename": "add_todo"}}, {"model": "auth.permission", "pk": 62, "fields": {"name": "Can change to do", "content_type": 16, "codename": "change_todo"}}, {"model": "auth.permission", "pk": 63, "fields": {"name": "Can delete to do", "content_type": 16, "codename": "delete_todo"}}, {"model": "auth.permission", "pk": 64, "fields": {"name": "Can view to do", "content_type": 16, "codename": "view_todo"}}, {"model": "auth.permission", "pk": 65, "fields": {"name": "Can add Token", "content_type": 17, "codename": "add_token"}}, {"model": "auth.permission", "pk": 66, "fields": {"name": "Can change Token", "content_type": 17, "codename": "change_token"}}, {"model": "auth.permission", "pk": 67, "fields": {"name": "Can delete Token", "content_type": 17, "codename": "delete_token"}}, {"model": "auth.permission", "pk": 68, "fields": {"name": "Can view Token", "content_type": 17, "codename": "view_token"}}, {"model": "auth.permission", "pk": 69, "fields": {"name": "Can add Token", "content_type": 18, "codename": "add_tokenproxy"}}, {"model": "auth.permission", "pk": 70, "fields": {"name": "Can change Token", "content_type": 18, "codename": "change_tokenproxy"}}, {"model": "auth.permission", "pk": 71, "fields": {"name": "Can delete Token", "content_type": 18, "codename": "delete_tokenproxy"}}, {"model": "auth.permission", "pk": 72, "fields": {"name": "Can view Token", "content_type": 18, "codename": "view_tokenproxy"}}, {"model": "auth.permission", "pk": 73, "fields": {"name": "Can add user profile", "content_type": 19, "codename": "add_userprofile"}}, {"model": "auth.permission", "pk": 74, "fields": {"name": "Can change user profile", "content_type": 19, "codename": "change_userprofile"}}, {"model": "auth.permission", "pk": 75, "fields": {"name": "Can delete user profile", "content_type": 19, "codename": "delete_userprofile"}}, {"model": "auth.permission", "pk": 76, "fields": {"name": "Can view user profile", "content_type": 19, "codename": "view_userprofile"}}, {"model": "auth.permission", "pk": 77, "fields": {"name": "Can add forum post", "content_type": 21, "codename": "add_forumpost"}}, {"model": "auth.permission", "pk": 78, "fields": {"name": "Can change forum post", "content_type": 21, "codename": "change_forumpost"}}, {"model": "auth.permission", "pk": 79, "fields": {"name": "Can delete forum post", "content_type": 21, "codename": "delete_forumpost"}}, {"model": "auth.permission", "pk": 80, "fields": {"name": "Can view forum post", "content_type": 21, "codename": "view_forumpost"}}, {"model": "auth.permission", "pk": 81, "fields": {"name": "Can add forum comment", "content_type": 20, "codename": "add_forumcomment"}}, {"model": "auth.permission", "pk": 82, "fields": {"name": "Can change forum comment", "content_type": 20, "codename": "change_forumcomment"}}, {"model": "auth.permission", "pk": 83, "fields": {"name": "Can delete forum comment", "content_type": 20, "codename": "delete_forumcomment"}}, {"model": "auth.permission", "pk": 84, "fields": {"name": "Can view forum comment", "content_type": 20, "codename": "view_forumcomment"}}, {"model": "auth.permission", "pk": 85, "fields": {"name": "Can add folder", "content_type": 22, "codename": "add_folder"}}, {"model": "auth.permission", "pk": 86, "fields": {"name": "Can change folder", "content_type": 22, "codename": "change_folder"}}, {"model": "auth.permission", "pk": 87, "fields": {"name": "Can delete folder", "content_type": 22, "codename": "delete_folder"}}, {"model": "auth.permission", "pk": 88, "fields": {"name": "Can view folder", "content_type": 22, "codename": "view_folder"}}, {"model": "auth.user", "pk": 1, "fields": {"password": "pbkdf2_sha256$1200000$lDvvvnuePJFn8P7fseBmfu$IXkJEooWYnxO1CumQvT28f0ynvXIIfRSzUKL915xxx4=", "last_login": null, "is_superuser": false, "username": "chabane.manal.1@gmail.com", "first_name": "Manal Chabane", "last_name": "", "email": "chabane.manal.1@gmail.com", "is_staff": false, "is_active": true, "date_joined": "2026-06-12T07:50:09.748Z", "groups": [], "user_permissions": []}}, {"model": "contenttypes.contenttype", "pk": 1, "fields": {"app_label": "admin", "model": "logentry"}}, {"model": "contenttypes.contenttype", "pk": 2, "fields": {"app_label": "auth", "model": "group"}}, {"model": "contenttypes.contenttype", "pk": 3, "fields": {"app_label": "auth", "model": "permission"}}, {"model": "contenttypes.contenttype", "pk": 4, "fields": {"app_label": "auth", "model": "user"}}, {"model": "contenttypes.contenttype", "pk": 5, "fields": {"app_label": "contenttypes", "model": "contenttype"}}, {"model": "contenttypes.contenttype", "pk": 6, "fields": {"app_label": "sessions", "model": "session"}}, {"model": "contenttypes.contenttype", "pk": 7, "fields": {"app_label": "courses", "model": "coursepdf"}}, {"model": "contenttypes.contenttype", "pk": 8, "fields": {"app_label": "courses", "model": "deck"}}, {"model": "contenttypes.contenttype", "pk": 9, "fields": {"app_label": "courses", "model": "flashcard"}}, {"model": "contenttypes.contenttype", "pk": 10, "fields": {"app_label": "courses", "model": "quiz"}}, {"model": "contenttypes.contenttype", "pk": 11, "fields": {"app_label": "courses", "model": "quizattempt"}}, {"model": "contenttypes.contenttype", "pk": 12, "fields": {"app_label": "courses", "model": "quizquestion"}}, {"model": "contenttypes.contenttype", "pk": 13, "fields": {"app_label": "planning", "model": "availability"}}, {"model": "contenttypes.contenttype", "pk": 14, "fields": {"app_label": "planning", "model": "revisionplan"}}, {"model": "contenttypes.contenttype", "pk": 15, "fields": {"app_label": "planning", "model": "revisionsession"}}, {"model": "contenttypes.contenttype", "pk": 16, "fields": {"app_label": "todos", "model": "todo"}}, {"model": "contenttypes.contenttype", "pk": 17, "fields": {"app_label": "authtoken", "model": "token"}}, {"model": "contenttypes.contenttype", "pk": 18, "fields": {"app_label": "authtoken", "model": "tokenproxy"}}, {"model": "contenttypes.contenttype", "pk": 19, "fields": {"app_label": "accounts", "model": "userprofile"}}, {"model": "contenttypes.contenttype", "pk": 20, "fields": {"app_label": "forum", "model": "forumcomment"}}, {"model": "contenttypes.contenttype", "pk": 21, "fields": {"app_label": "forum", "model": "forumpost"}}, {"model": "contenttypes.contenttype", "pk": 22, "fields": {"app_label": "courses", "model": "folder"}}, {"model": "courses.coursepdf", "pk": 1, "fields": {"title": "cours3", "subject": "Général", "file": "course_pdfs/cours3.pdf", "uploaded_at": "2026-06-12T08:13:13.196Z", "user": 1, "summary": "**Résumé du cours : Couche Transport TCP**\n\n**1. Services de la couche transport**\n\n* Multiplexage : permet de livrer des données à plusieurs applications\n* Transfert de données fiable : garantit la livraison des données sans erreur\n* Contrôle de flux : régule la vitesse de transmission des données\n* Contrôle de congestion : évite la saturation du réseau\n\n**2. Protocoles de la couche transport**\n\n* TCP (Transmission Control Protocol) : protocole fiable et de contrôle de flux\n* UDP (User Datagram Protocol) : protocole non-fiable et sans contrôle de flux\n\n**3. Multiplexage et démultiplexage**\n\n* Multiplexage : permet de livrer des données à plusieurs applications en utilisant les ports\n* Démultiplexage : permet de livrer les données à la bonne application en utilisant les ports\n\n**4. Somme de contrôle (checksum)**\n\n* Permet de détecter les erreurs de transmission\n* Calculée à partir du contenu du segment (header inclus)\n\n**5. Transfert fiable de données (RDT)**\n\n* But : établir un canal fiable entre émetteur et récepteur\n* Utilise des primitives :\n + rdt_send() : appelé depuis la couche appli.\n + rdt_rcv() : appelé quand des paquets arrivent coté récepteur\n + deliver_data() : appelé pour livrer les données à la couche appli.\n\n**6. Protocole RDT 2.0**\n\n* Spécification sous forme d'automate fini déterministe (AFD)\n* Utilise des mécanismes :\n + Accusés de réception (ACKs) : permet de détecter les erreurs\n + Accusés de réception négatifs (NAKs) : permet de retransmettre les paquets\n\n**À retenir**\n\n* Les services de la couche transport (multiplexage, transfert de données fiable, contrôle de flux, contrôle de congestion)\n* Les protocoles de la couche transport (TCP et UDP)\n* Le multiplexage et le démultiplexage\n* La somme de contrôle (checksum)\n* Le transfert fiable de données (RDT) et le protocole RDT 2.0", "folder": null}}, {"model": "courses.coursepdf", "pk": 2, "fields": {"title": "cmXX_allocation_registres_java", "subject": "Général", "file": "course_pdfs/cmXX_allocation_registres_java.pdf", "uploaded_at": "2026-06-12T09:36:37.418Z", "user": 1, "summary": "- Le cours traite de l'allocation de registres en compilation.\n- L'allocation de registres repose sur trois packages : graph, intset et ig.\n- Le package graph représente des graphes génériques.\n- Le package intset représente des ensembles d'entiers.\n- Le package ig représente des graphes d'interférence.\n- La classe ColorGraph est une classe du package graph.\n- La classe ColorGraph représente une coloration de graphe.\n- Les sommets ne sont pas enlevés du graphe, mais ajoutés à l'ensemble enleves.\n- Les K couleurs sont représentées par les entiers {0, ..., K-1}.\n- L'absence de couleur est représentée par la constante NOCOLOR qui vaut -1.\n- Le tableau int2Node permet d'accéder rapidement à un sommet du graphe à partir de son identifiant.\n- La classe ColorGraph a les champs G, R, K, pile, enleves, deborde, couleur et int2Node.\n- La méthode couleursVoisins renvoie l'ensemble des couleurs des voisins d'un sommet.\n- La méthode choisisCouleur renvoie la couleur d'un sommet.\n- La méthode nbVoisins renvoie le nombre de voisins d'un sommet.\n- La méthode simplification simplifie le graphe.\n- La méthode selection sélectionne les sommets à colorer.\n- La méthode debordement gère les sommets qui débordent.\n- La méthode colore colore les sommets.\n- Le package ig représente des graphes d'interférence.\n- La classe Ig a les champs graph, fgs, R, nasm et int2Node.\n- La méthode construction construit le graphe d'interaction à partir de la solution fgs du graphe d'analyse.\n- La méthode getPrecoloredTemporaries renvoie un tableau de couleurs des registres.\n- Le tableau int2Node permet d'accéder à un sommet de graph à partir de son identifiant.\n- La méthode affiche affiche le graphe d'interférence.\n- Le cours traite de l'allocation de registres en compilation.\n- L'allocation de registres est un problème de coloration de graphe.\n- La coloration de graphe est un problème de placement des couleurs sur les sommets d'un graphe.\n- Le graphe d'interférence est un graphe qui représente les interactions entre les registres.\n- La solution fgs du graphe d'analyse est utilisée pour construire le graphe d'interaction.\n- La méthode construction construit le graphe d'interaction à partir de la solution fgs du graphe d'analyse.\n- La méthode getPrecoloredTemporaries renvoie un tableau de couleurs des registres.\n- Le tableau int2Node permet d'accéder à un sommet de graph à partir de son identifiant.\n- La méthode affiche affiche le graphe d'interférence.\n- Le cours utilise les notions de graphes, coloration de graphe et allocation de registres.\n- La coloration de graphe est un problème de placement des couleurs sur les sommets d'un graphe.\n- Le graphe d'interférence est un graphe qui représente les interactions entre les registres.\n- La solution fgs du graphe d'analyse est utilisée pour construire le graphe d'interaction.\n- La méthode construction construit le graphe d'interaction à partir de la solution fgs du graphe d'analyse.\n- La méthode getPrecoloredTemporaries renvoie un tableau de couleurs des registres.\n- Le tableau int2Node permet d'accéder à un sommet de graph à partir de son identifiant.\n- La méthode affiche affiche le graphe d'interférence.\n- À retenir : l'allocation de registres est un problème de coloration de graphe qui repose sur la construction du graphe d'interférence.\n- Allocation de registres : implémentation Alexis Nasr Compilation – L3 Informatique Département Informatique et Interactions Aix Marseille Université 1 / 5 Allocation de registres L’allocation de registres repose sur trois packages Le package graph, représentation générique de graphes.\n- À retenir : Le package intset, représentation d’ensembles d’entiers Le package ig, graphe d’interférence.", "folder": null}}, {"model": "courses.coursepdf", "pk": 3, "fields": {"title": "L3InfoIAA_2", "subject": "Général", "file": "course_pdfs/L3InfoIAA_2.pdf", "uploaded_at": "2026-06-14T11:33:52.953Z", "user": 1, "summary": "- L'apprentissage automatique est l'art de faire apprendre un modèle formel à partir de données observées.\n- La classiﬁcation supervisée consiste à trouver un modèle qui prédit la cible Y étant donnée une observation X.\n- Les approches discriminantes modélisent la probabilité conditionnelle de la cible Y étant donnée une observation X.\n- Les approches génératives modélisent la distribution jointe P(X, Y) à partir d'une variable observée X et d'une variable cible Y.\n- La représentation des données est cruciale pour le machine learning, notamment pour les images.\n- Une bonne représentation doit être discriminante, robuste aux variations, compacte et encoder une hypothèse sur ce qui est important dans l'image.\n- Les histogrammes de couleurs, les gradients et HOG sont des représentations globales utilisées pour la classiﬁcation.\n- Le bag-of-features est une méthode qui agrège l'information locale en histogramme global.\n- La qualité des données, notamment les étiquettes (labels) et la qualité des images, est cruciale pour le machine learning.\n- Il existe trois leviers principaux pour améliorer un algorithme d'apprentissage automatique : choisir la bonne représentation des données, choisir l'algorithme d'apprentissage automatique adapté et nettoyer les données ou collecter plus de données.\n- Les SVM sont des s'eparateurs `a vaste marge qui cherchent `a maximiser la marge entre les classes.\n- L'objectif des SVM est de trouver l'hyper-plan optimal au sens de la marge, qui est la distance au plus proche des points de l'ensemble de donn'ees.\n- Les vecteurs supports sont les points (exemples) qui supportent la marge et sont essentiels pour la solution des SVM.\n- La r'egression logistique est une m'ethode de classiﬁcation lin'eaire qui repose sur l'hypoth`ese d'un mod`ele probabiliste pour p(Y = 1|X = x) reposant sur hyperplan s'eparateur.\n- L'astuce du noyau (kernel trick) permet de transformer un algorithme de classiﬁcation lin'eaire en un algorithme de classiﬁcation non lin'eaire en remplac{c}ant chaque occurence de produits scalaires par un noyau.\n- Les noyaux permettent de transformer l'espace d'entr'ees en un espace de caract'eristiques feature spa e H.\n- Le perceptron est un modèle de séparation linéaire.\n- La régression logistique est un modèle de séparation linéaire.\n- Le classifieur naïf de Bayes est un modèle de séparation non-linéaire.\n- Les arbres de décision sont un modèle de séparation non-linéaire.\n- AdaBoost est une méthode de boosting qui apprend une règle de classification forte à partir d'un vote pondéré de règles faibles.\n- Le principe du boosting consiste à inciter l'itération suivante à se focaliser sur les exemples difficiles.\n- AdaBoost utilise un changement progressif de la distribution de l'échantillon d'apprentissage pour améliorer la prédiction.\n- Le bagging est une méthode d'ensemble qui combine des modèles pour augmenter les performances globales.\n- À retenir : Les forêts aléatoires sont une méthode d'ensemble qui combine des arbres de décision pour augmenter les performances globales.", "folder": null}}, {"model": "courses.coursepdf", "pk": 4, "fields": {"title": "Algorithmique", "subject": "Algorithmique", "file": "course_pdfs/notes-de-cours.pdf", "uploaded_at": "2026-06-14T17:48:01.145Z", "user": 1, "summary": "- Les structures de données abstraites spécifient des types de données et des opérations sans préciser leur implémentation.\n- Les listes et les piles sont des structures de données abstraites qui suivent la politique LIFO, les listes étant persistantes et les piles destructives.\n- Les structures de données concrètes sont des implémentations spécifiques de structures de données abstraites dans un modèle de calcul.\n- Les files de priorité (tas) permettent d'ordonner des éléments avec des opérations d'insertion, de recherche et de suppression du minimum.\n- L'algorithme de Ford-Fulkerson résout le problème des flots maximums dans les graphes en utilisant des chemins augmentants.\n- Les parcours de graphes (en largeur et en profondeur) explorent les nœuds d'un graphe et testent sa connectivité.\n- Le tri topologique ordonne les nœuds d'un graphe orienté acyclique.\n- La programmation dynamique résout des problèmes en décomposant en sous-problèmes et en stockant leurs solutions.\n- La complexité asymptotique mesure les performances d'un algorithme en nombre d'opérations élémentaires.\n- Un invariant de type de données est une propriété vérifiée par toute instance correcte de ce type.\n- Les préconditions et postconditions sont nécessaires à la correction d'un algorithme concernant les données d'entrée et le résultat final.\n- La représentation par liste d'incidence et par matrice d'adjacence sont deux méthodes pour décrire les graphes, chacune ayant ses avantages et inconvénients.\n- L'algorithme de Dijkstra trouve les plus courts chemins dans un graphe avec des longueurs d'arcs positives.\n- L'algorithme de Prim construit un arbre couvrant de poids minimum en utilisant une file de priorité.\n- La mémoïsation est une technique de programmation dynamique qui stocke les valeurs déjà calculées pour optimiser les appels récursifs.\n- Le problème du flot maximum consiste à trouver un st-flot de valeur maximale entre une source et un puits dans un graphe orienté.\n- L'algorithme de Kosaraju trouve les composantes fortement connexes d'un graphe en effectuant deux parcours en profondeur.\n- La complexité des algorithmes de parcours en profondeur et en largeur est Θ(|V (G)| + |E(G)|).\n- L'algorithme de tri rapide a une complexité moyenne de O(n log n).\n- À retenir : Les structures de données et algorithmes sont fondamentaux pour la résolution efficace de problèmes en informatique.", "folder": null}}, {"model": "courses.deck", "pk": 1, "fields": {"title": "Flashcards - cours3", "description": "Flashcards générées automatiquement par l'IA", "created_at": "2026-06-12T08:15:06.433Z", "user": 1, "CoursePDF": 1}}, {"model": "courses.deck", "pk": 2, "fields": {"title": "Flashcards - cmXX_allocation_registres_java", "description": "Flashcards générées automatiquement par l'IA", "created_at": "2026-06-12T10:13:44.699Z", "user": 1, "CoursePDF": 2}}, {"model": "courses.deck", "pk": 4, "fields": {"title": "Flashcards - L3InfoIAA_2", "description": "Flashcards générées automatiquement par l'IA", "created_at": "2026-06-14T13:14:44.646Z", "user": 1, "CoursePDF": 3}}, {"model": "courses.deck", "pk": 6, "fields": {"title": "Flashcards - notes-de-cours", "description": "Flashcards générées automatiquement par l'IA", "created_at": "2026-06-14T17:54:14.276Z", "user": 1, "CoursePDF": 4}}, {"model": "courses.flashcard", "pk": 1, "fields": {"question": "Quels sont les services rendus par la couche transport ?", "answer": "Multiplexage, transfert de données fiable, contrôle de flux et contrôle de congestion", "created_at": "2026-06-12T08:15:06.434Z", "deck": 1, "difficulty": "medium"}}, {"model": "courses.flashcard", "pk": 2, "fields": {"question": "Quel est le protocole de la couche transport qui fournit des garanties supplémentaires ?", "answer": "TCP", "created_at": "2026-06-12T08:15:06.434Z", "deck": 1, "difficulty": "medium"}}, {"model": "courses.flashcard", "pk": 3, "fields": {"question": "Quel est le but du transfert de données fiable ?", "answer": "Établir un canal fiable entre émetteur et récepteur à partir du canal non-fiable de la couche inférieure", "created_at": "2026-06-12T08:15:06.434Z", "deck": 1, "difficulty": "medium"}}, {"model": "courses.flashcard", "pk": 4, "fields": {"question": "Quels sont les primitives utilisées pour le transfert de données fiable ?", "answer": "rdt_send(), rdt_rcv(), deliver_data()", "created_at": "2026-06-12T08:15:06.434Z", "deck": 1, "difficulty": "medium"}}, {"model": "courses.flashcard", "pk": 5, "fields": {"question": "Quel est le but de la somme de contrôle (checksum) ?", "answer": "Détecter les erreurs lors de la transmission des segments", "created_at": "2026-06-12T08:15:06.434Z", "deck": 1, "difficulty": "medium"}}, {"model": "courses.flashcard", "pk": 6, "fields": {"question": "Comment la couche transport sait à quelle application livrer le message ?", "answer": "En utilisant le multiplexage et le démultiplexage", "created_at": "2026-06-12T08:15:06.434Z", "deck": 1, "difficulty": "medium"}}, {"model": "courses.flashcard", "pk": 7, "fields": {"question": "Quel est le rôle du numéro de port dans le démultiplexage ?", "answer": "Il permet de livrer le segment à la bonne socket", "created_at": "2026-06-12T08:15:06.434Z", "deck": 1, "difficulty": "medium"}}, {"model": "courses.flashcard", "pk": 8, "fields": {"question": "Quel est le but du contrôle de congestion ?", "answer": "Eviter la saturation du réseau", "created_at": "2026-06-12T08:15:06.434Z", "deck": 1, "difficulty": "medium"}}, {"model": "courses.flashcard", "pk": 9, "fields": {"question": "Quel est le protocole de la couche transport qui n'est pas fiable ?", "answer": "UDP", "created_at": "2026-06-12T08:15:06.434Z", "deck": 1, "difficulty": "medium"}}, {"model": "courses.flashcard", "pk": 10, "fields": {"question": "Quel est le but du contrôle de flux ?", "answer": "Gérer la quantité de données transmises", "created_at": "2026-06-12T08:15:06.434Z", "deck": 1, "difficulty": "medium"}}, {"model": "courses.flashcard", "pk": 11, "fields": {"question": "Quel est le rôle de la somme de contrôle (checksum) dans le protocole TCP ?", "answer": "Il permet de détecter les erreurs lors de la transmission des segments", "created_at": "2026-06-12T08:15:06.434Z", "deck": 1, "difficulty": "medium"}}, {"model": "courses.flashcard", "pk": 12, "fields": {"question": "Comment fonctionne le démultiplexage dans le protocole TCP ?", "answer": "En utilisant les adresses IP et les numéros de port", "created_at": "2026-06-12T08:15:06.434Z", "deck": 1, "difficulty": "medium"}}, {"model": "courses.flashcard", "pk": 13, "fields": {"question": "Quel est le but du protocole RDT ?", "answer": "Établir un canal fiable entre émetteur et récepteur", "created_at": "2026-06-12T08:15:06.434Z", "deck": 1, "difficulty": "medium"}}, {"model": "courses.flashcard", "pk": 14, "fields": {"question": "Quels sont les états possibles dans le protocole RDT ?", "answer": "État 1 et état 2", "created_at": "2026-06-12T08:15:06.434Z", "deck": 1, "difficulty": "medium"}}, {"model": "courses.flashcard", "pk": 15, "fields": {"question": "Quel est le rôle des primitives rdt_send() et rdt_rcv() dans le protocole RDT ?", "answer": "Ils permettent de transférer des données fiables", "created_at": "2026-06-12T08:15:06.434Z", "deck": 1, "difficulty": "medium"}}, {"model": "courses.flashcard", "pk": 16, "fields": {"question": "Comment fonctionne la somme de contrôle (checksum) dans le protocole TCP ?", "answer": "En additionnant les mots de 16 bits du segment", "created_at": "2026-06-12T08:15:06.434Z", "deck": 1, "difficulty": "medium"}}, {"model": "courses.flashcard", "pk": 17, "fields": {"question": "Quel est le but du contrôle de congestion dans le protocole TCP ?", "answer": "Eviter la saturation du réseau", "created_at": "2026-06-12T08:15:06.434Z", "deck": 1, "difficulty": "medium"}}, {"model": "courses.flashcard", "pk": 18, "fields": {"question": "Quel est le rôle du numéro de port dans le protocole TCP ?", "answer": "Il permet de livrer le segment à la bonne socket", "created_at": "2026-06-12T08:15:06.434Z", "deck": 1, "difficulty": "medium"}}, {"model": "courses.flashcard", "pk": 19, "fields": {"question": "Quel est le protocole de la couche transport qui utilise la somme de contrôle (checksum) ?", "answer": "TCP", "created_at": "2026-06-12T08:15:06.434Z", "deck": 1, "difficulty": "medium"}}, {"model": "courses.flashcard", "pk": 20, "fields": {"question": "Quel est le but du démultiplexage dans le protocole TCP ?", "answer": "Livrer les segments à la bonne socket", "created_at": "2026-06-12T08:15:06.434Z", "deck": 1, "difficulty": "medium"}}, {"model": "courses.flashcard", "pk": 21, "fields": {"question": "Quel est le rôle des primitives deliver_data() et rdt_rcv() dans le protocole RDT ?", "answer": "Ils permettent de livrer les données à la couche appli.", "created_at": "2026-06-12T08:15:06.434Z", "deck": 1, "difficulty": "medium"}}, {"model": "courses.flashcard", "pk": 22, "fields": {"question": "Comment fonctionne le protocole RDT ?", "answer": "En utilisant les primitives rdt_send(), rdt_rcv() et deliver_data()", "created_at": "2026-06-12T08:15:06.434Z", "deck": 1, "difficulty": "medium"}}, {"model": "courses.flashcard", "pk": 23, "fields": {"question": "Quel est le but du contrôle de flux dans le protocole TCP ?", "answer": "Gérer la quantité de données transmises", "created_at": "2026-06-12T08:15:06.434Z", "deck": 1, "difficulty": "medium"}}, {"model": "courses.flashcard", "pk": 24, "fields": {"question": "Quel est le rôle de la somme de contrôle (checksum) dans le protocole UDP ?", "answer": "Il n'est pas utilisé", "created_at": "2026-06-12T08:15:06.434Z", "deck": 1, "difficulty": "medium"}}, {"model": "courses.flashcard", "pk": 25, "fields": {"question": "Quel est le protocole de la couche transport qui n'utilise pas la somme de contrôle (checksum) ?", "answer": "UDP", "created_at": "2026-06-12T08:15:06.434Z", "deck": 1, "difficulty": "medium"}}, {"model": "courses.flashcard", "pk": 26, "fields": {"question": "Quel est le but du démultiplexage dans le protocole UDP ?", "answer": "Livrer les segments à la bonne socket", "created_at": "2026-06-12T08:15:06.434Z", "deck": 1, "difficulty": "medium"}}, {"model": "courses.flashcard", "pk": 54, "fields": {"question": "Quels sont les trois packages nécessaires pour l'implémentation de l'allocation de registres ?", "answer": "graph, intset et ig", "created_at": "2026-06-14T11:28:44.078Z", "deck": 2, "difficulty": "easy"}}, {"model": "courses.flashcard", "pk": 55, "fields": {"question": "Quelle est la classe représentant la coloration de graphe dans le package graph ?", "answer": "ColorGraph", "created_at": "2026-06-14T11:28:44.078Z", "deck": 2, "difficulty": "easy"}}, {"model": "courses.flashcard", "pk": 56, "fields": {"question": "Quelle est la différence entre la classe ColorGraph et l'implémentation de coloration de graphe vue en cours ?", "answer": "Les sommets ne sont pas enlevés du graphe, mais ajoutés à l'ensemble enleves", "created_at": "2026-06-14T11:28:44.078Z", "deck": 2, "difficulty": "medium"}}, {"model": "courses.flashcard", "pk": 57, "fields": {"question": "Quelle est la valeur représentant l'absence de couleur dans la classe ColorGraph ?", "answer": "-1", "created_at": "2026-06-14T11:28:44.078Z", "deck": 2, "difficulty": "easy"}}, {"model": "courses.flashcard", "pk": 58, "fields": {"question": "Quelle est la méthode permettant d'accéder rapidement à un sommet du graphe à partir de son identifiant dans la classe ColorGraph ?", "answer": "int2Node", "created_at": "2026-06-14T11:28:44.078Z", "deck": 2, "difficulty": "easy"}}, {"model": "courses.flashcard", "pk": 59, "fields": {"question": "Quelle est la classe représentant le graphe d'interférence dans le package ig ?", "answer": "Ig", "created_at": "2026-06-14T11:28:44.078Z", "deck": 2, "difficulty": "easy"}}, {"model": "courses.flashcard", "pk": 60, "fields": {"question": "Quelle est la méthode permettant de construire le graphe d'interaction à partir de la solution fgs du graphe d'analyse dans la classe Ig ?", "answer": "construction", "created_at": "2026-06-14T11:28:44.078Z", "deck": 2, "difficulty": "medium"}}, {"model": "courses.flashcard", "pk": 61, "fields": {"question": "Quelle est la méthode permettant de renvoyer un tableau de taille R indiquant pour chaque registre, sa couleur dans la classe Ig ?", "answer": "getPrecoloredTemporaries", "created_at": "2026-06-14T11:28:44.079Z", "deck": 2, "difficulty": "hard"}}, {"model": "courses.flashcard", "pk": 62, "fields": {"question": "Quelle est la définition de l'allocation de registres ?", "answer": "L'allocation de registres est un mécanisme qui permet de répartir les registres d'un processeur entre les variables d'un programme.", "created_at": "2026-06-14T11:28:44.079Z", "deck": 2, "difficulty": "easy"}}, {"model": "courses.flashcard", "pk": 63, "fields": {"question": "Quel est le but de la classe ColorGraph ?", "answer": "La classe ColorGraph est utilisée pour colorer un graphe en utilisant un nombre limité de couleurs.", "created_at": "2026-06-14T11:28:44.079Z", "deck": 2, "difficulty": "medium"}}, {"model": "courses.flashcard", "pk": 64, "fields": {"question": "Quel est le nombre de registres fictifs dans la classe Ig ?", "answer": "Le nombre de registres fictifs dans la classe Ig est représenté par la variable R.", "created_at": "2026-06-14T11:28:44.079Z", "deck": 2, "difficulty": "easy"}}, {"model": "courses.flashcard", "pk": 65, "fields": {"question": "Explique ce passage du cours (1) : Allocation de registres : implémentation Alexis Nasr Compilation – L3 Informatique Département Informatique et Interactions Aix Marseille Un", "answer": "Allocation de registres : implémentation Alexis Nasr Compilation – L3 Informatique Département Informatique et Interactions Aix Marseille Université 1 / 5 Allocation de registres L’allocation de registres repose sur trois packages Le package graph, représentation générique de graphes.", "created_at": "2026-06-14T11:28:44.079Z", "deck": 2, "difficulty": "easy"}}, {"model": "courses.flashcard", "pk": 66, "fields": {"question": "Explique ce passage du cours (2) : Le package intset, représentation d’ensembles d’entiers Le package ig, graphe d’interférence.", "answer": "Le package intset, représentation d’ensembles d’entiers Le package ig, graphe d’interférence.", "created_at": "2026-06-14T11:28:44.079Z", "deck": 2, "difficulty": "medium"}}, {"model": "courses.flashcard", "pk": 67, "fields": {"question": "Explique ce passage du cours (3) : L’absence de couleur est représentée par la constante NOCOLOR qui vaut −1.", "answer": "L’absence de couleur est représentée par la constante NOCOLOR qui vaut −1.", "created_at": "2026-06-14T11:28:44.079Z", "deck": 2, "difficulty": "hard"}}, {"model": "courses.flashcard", "pk": 68, "fields": {"question": "Explique ce passage du cours (4) : Le tableau int2Node permet d’accéder rapidement à un sommet du graphe à partir de son identifiant.", "answer": "Le tableau int2Node permet d’accéder rapidement à un sommet du graphe à partir de son identifiant.", "created_at": "2026-06-14T11:28:44.079Z", "deck": 2, "difficulty": "easy"}}, {"model": "courses.flashcard", "pk": 69, "fields": {"question": "Explique ce passage du cours (5) : La méthode getPrecoloredTemporaries renvoie un tableau de taille R, indiquant pour chaque registre, sa couleur.", "answer": "La méthode getPrecoloredTemporaries renvoie un tableau de taille R, indiquant pour chaque registre, sa couleur.", "created_at": "2026-06-14T11:28:44.079Z", "deck": 2, "difficulty": "medium"}}, {"model": "courses.flashcard", "pk": 70, "fields": {"question": "Explique ce passage du cours (6) : La méthode construction, construit le graphe d’interaction à partir de la solution fgs du graphe d’analyse.", "answer": "La méthode construction, construit le graphe d’interaction à partir de la solution fgs du graphe d’analyse.", "created_at": "2026-06-14T11:28:44.079Z", "deck": 2, "difficulty": "hard"}}, {"model": "courses.flashcard", "pk": 305, "fields": {"question": "Qu'est-ce que le perceptron?", "answer": "Un modèle de séparation linéaire", "created_at": "2026-06-14T14:24:36.939Z", "deck": 4, "difficulty": "hard"}}, {"model": "courses.flashcard", "pk": 306, "fields": {"question": "Qu'est-ce qu'un histogramme de couleurs?", "answer": "Un histogramme de couleurs est une représentation globale qui compte les couleurs de chaque pixel dans une image.", "created_at": "2026-06-14T14:24:36.939Z", "deck": 4, "difficulty": "medium"}}, {"model": "courses.flashcard", "pk": 307, "fields": {"question": "Quel est l'algorithme d'apprentissage du perceptron ?", "answer": "L'algorithme d'apprentissage du perceptron est un algorithme itératif par correction d'erreurs qui met à jour les coefficients w définissant un côte de l'hyperplan séparateur.", "created_at": "2026-06-14T14:24:36.939Z", "deck": 4, "difficulty": "medium"}}, {"model": "courses.flashcard", "pk": 308, "fields": {"question": "Quelle est la formule de la marge?", "answer": "La marge est égale à 2 / ||w||.", "created_at": "2026-06-14T14:24:36.939Z", "deck": 4, "difficulty": "medium"}}, {"model": "courses.flashcard", "pk": 309, "fields": {"question": "Quel est le principe du boosting ?", "answer": "Le boosting est une méthode d'apprentissage automatique qui consiste à combiner les prédictions de plusieurs classifiants pour améliorer la précision de la classification.", "created_at": "2026-06-14T14:24:36.939Z", "deck": 4, "difficulty": "easy"}}, {"model": "courses.flashcard", "pk": 310, "fields": {"question": "Qu'est-ce que la ridge ?", "answer": "Une méthode de régularisation.", "created_at": "2026-06-14T14:24:36.939Z", "deck": 4, "difficulty": "easy"}}, {"model": "courses.flashcard", "pk": 311, "fields": {"question": "Qu'est-ce qu'un gradient?", "answer": "Un gradient est une représentation globale qui décrit les contours d'une image.", "created_at": "2026-06-14T14:24:36.939Z", "deck": 4, "difficulty": "medium"}}, {"model": "courses.flashcard", "pk": 312, "fields": {"question": "Qu'est-ce que la régression logistique?", "answer": "La régression logistique est une méthode de classification linéaire qui utilise un modèle probabiliste pour prédire la probabilité d'appartenance à une classe.", "created_at": "2026-06-14T14:24:36.939Z", "deck": 4, "difficulty": "medium"}}, {"model": "courses.flashcard", "pk": 313, "fields": {"question": "Qu'est-ce que le k-NN ?", "answer": "Le k-NN (k plus proches voisins) est un algorithme d'apprentissage automatique qui utilise les k plus proches voisins d'un point pour prédire sa classe.", "created_at": "2026-06-14T14:24:36.939Z", "deck": 4, "difficulty": "easy"}}, {"model": "courses.flashcard", "pk": 314, "fields": {"question": "Qu'est-ce que AdaBoost ?", "answer": "AdaBoost est une variante du boosting qui utilise un algorithme itératif pour apprendre une règle de classification forte à partir d'un vote pondéré de règles faibles.", "created_at": "2026-06-14T14:24:36.939Z", "deck": 4, "difficulty": "medium"}}, {"model": "courses.flashcard", "pk": 315, "fields": {"question": "Qu'est-ce que le Bag-of-Features?", "answer": "Le Bag-of-Features est une méthode de représentation locale qui transforme des descripteurs locaux en histogrammes globaux.", "created_at": "2026-06-14T14:24:36.939Z", "deck": 4, "difficulty": "hard"}}, {"model": "courses.flashcard", "pk": 316, "fields": {"question": "Quel est le but d'un SVM ?", "answer": "Le but d'un SVM est de trouver l'hyper-plan optimal au sens de la marge, c'est-à-dire que la distance au plus proche des points de S soit maximale.", "created_at": "2026-06-14T14:24:36.939Z", "deck": 4, "difficulty": "medium"}}, {"model": "courses.flashcard", "pk": 317, "fields": {"question": "Quelle est la formule de la probabilité de la régression logistique?", "answer": "La probabilité est donnée par P(Y = 1|X = x) = 1 / (1 + exp(-w.x - b)).", "created_at": "2026-06-14T14:24:36.939Z", "deck": 4, "difficulty": "hard"}}, {"model": "courses.flashcard", "pk": 318, "fields": {"question": "Qu'est-ce que le Bagging ?", "answer": "Le Bagging (Bootstrap Aggregating) est une méthode d'apprentissage ensembliste qui combine les prédictions de plusieurs modèles pour améliorer la précision.", "created_at": "2026-06-14T14:24:36.939Z", "deck": 4, "difficulty": "medium"}}, {"model": "courses.flashcard", "pk": 319, "fields": {"question": "Quel est le but de la combinaison de noyaux dans le Multiple Kernel Learning (MKL) ?", "answer": "Le but de la combinaison de noyaux dans le MKL est de sélectionner les caractéristiques les plus pertinentes pour la classification en combinant les fonctions de décision issues de noyaux différents.", "created_at": "2026-06-14T14:24:36.939Z", "deck": 4, "difficulty": "hard"}}, {"model": "courses.flashcard", "pk": 359, "fields": {"question": "Qu'est-ce qu'une structure de données abstraite ?", "answer": "Une structure de données abstraite spécifie un type de données et des opérations sans décrire leur implantation.", "created_at": "2026-06-15T10:24:10.461Z", "deck": 6, "difficulty": "medium"}}, {"model": "courses.flashcard", "pk": 360, "fields": {"question": "Comment est défini un graphe orienté ?", "answer": "Un graphe orienté est un couple (V, E) avec V comme ensemble de sommets et E comme ensemble d'arcs, chaque arc ayant une source et une destination.", "created_at": "2026-06-15T10:24:10.461Z", "deck": 6, "difficulty": "medium"}}, {"model": "courses.flashcard", "pk": 361, "fields": {"question": "Quel est le principe de l'algorithme de parcours en profondeur ?", "answer": "L'algorithme de parcours en profondeur utilise une pile pour gérer les sommets à explorer, permettant un traitement local des arcs successifs.", "created_at": "2026-06-15T10:24:10.461Z", "deck": 6, "difficulty": "medium"}}, {"model": "courses.flashcard", "pk": 362, "fields": {"question": "Qu'est-ce qu'un st-chemin dans un graphe résiduel ?", "answer": "Un st-chemin dans un graphe résiduel permet d'augmenter le flot sur les arcs avant et de diminuer le flot sur les arcs arrière.", "created_at": "2026-06-15T10:24:10.461Z", "deck": 6, "difficulty": "medium"}}, {"model": "courses.flashcard", "pk": 363, "fields": {"question": "Comment est défini un flot initial dans un graphe ?", "answer": "La fonction f assigne à chaque arc e la borne inférieure ℓ(e), formant un flot initial f0 tel que ∀e, f0(e) = ℓ(e).", "created_at": "2026-06-15T10:24:10.461Z", "deck": 6, "difficulty": "medium"}}, {"model": "courses.flashcard", "pk": 364, "fields": {"question": "Qu'est-ce qu'une sous-séquence ?", "answer": "Une sous-séquence est une séquence obtenue en supprimant des éléments d'une séquence sans changer l'ordre des éléments.", "created_at": "2026-06-15T10:24:10.461Z", "deck": 6, "difficulty": "medium"}}, {"model": "courses.flashcard", "pk": 365, "fields": {"question": "Quelle est la complexité en espérance d'un algorithme de sélection randomisé ?", "answer": "La complexité en espérance d'un algorithme de sélection randomisé est Θ(n).", "created_at": "2026-06-15T10:24:10.461Z", "deck": 6, "difficulty": "medium"}}, {"model": "courses.flashcard", "pk": 366, "fields": {"question": "Quelle est la formule pour des événements A et B indépendants ?", "answer": "P(A ∩ B) = P(A) × P(B) pour des événements A et B indépendants.", "created_at": "2026-06-15T10:24:10.461Z", "deck": 6, "difficulty": "medium"}}, {"model": "courses.flashcard", "pk": 367, "fields": {"question": "Qu'est-ce qu'une liste en tant que structure de données ?", "answer": "Les listes sont des structures de données abstraites permettant de représenter des séquences avec accès au dernier élément ajouté (LIFO).", "created_at": "2026-06-15T10:24:10.461Z", "deck": 6, "difficulty": "medium"}}, {"model": "courses.flashcard", "pk": 368, "fields": {"question": "Quelle est la complexité d'insertion dans un tas binaire ?", "answer": "La complexité d'insertion dans un tas binaire est O(log n).", "created_at": "2026-06-15T10:24:10.462Z", "deck": 6, "difficulty": "medium"}}, {"model": "courses.flashcard", "pk": 369, "fields": {"question": "Quand existe un ordre topologique dans un graphe orienté ?", "answer": "Un ordre topologique d'un graphe orienté existe si et seulement si le graphe est acyclique.", "created_at": "2026-06-15T10:24:10.462Z", "deck": 6, "difficulty": "medium"}}, {"model": "courses.flashcard", "pk": 370, "fields": {"question": "Quelle relation existe entre le flot maximum et la coupe minimum dans un graphe ?", "answer": "La valeur d'un flot maximum est égale à la capacité de la coupe minimum dans le graphe.", "created_at": "2026-06-15T10:24:10.462Z", "deck": 6, "difficulty": "medium"}}, {"model": "courses.flashcard", "pk": 371, "fields": {"question": "Comment est représenté le déséquilibre du flot pour un sommet v ?", "answer": "Pour tout sommet v, Lv = Σe∈δ−(v) f0(e) - Σe∈δ+(v) f0(e) représente le déséquilibre du flot.", "created_at": "2026-06-15T10:24:10.462Z", "deck": 6, "difficulty": "medium"}}, {"model": "courses.flashcard", "pk": 372, "fields": {"question": "Comment se fait le choix du pivot dans un algorithme déterministe de sélection ?", "answer": "Pour un algorithme déterministe de sélection, le choix du pivot se fait par la méthode des médianes des médianes.", "created_at": "2026-06-15T10:24:10.462Z", "deck": 6, "difficulty": "medium"}}, {"model": "courses.flashcard", "pk": 373, "fields": {"question": "Que se passe-t-il lors d'un accès simultané à une base de données ?", "answer": "Dans un accès simultané à une base de données, si au moins deux processus tentent d'accéder, la base est verrouillée.", "created_at": "2026-06-15T10:24:10.462Z", "deck": 6, "difficulty": "medium"}}, {"model": "courses.flashcard", "pk": 374, "fields": {"question": "Quelle est la complexité de la recherche dichotomique dans un tableau trié ?", "answer": "La recherche dichotomique dans un tableau trié a une complexité de O(log n).", "created_at": "2026-06-15T10:24:10.462Z", "deck": 6, "difficulty": "medium"}}, {"model": "courses.flashcard", "pk": 375, "fields": {"question": "Que stipule la loi de conservation dans un st-flot ?", "answer": "La loi de conservation dans un st-flot stipule que pour tout sommet, le flux entrant doit égaler le flux sortant, sauf pour la source et le puits.", "created_at": "2026-06-15T10:24:10.462Z", "deck": 6, "difficulty": "medium"}}, {"model": "courses.flashcard", "pk": 376, "fields": {"question": "Quand l'algorithme de Ford-Fulkerson peut-il ne pas terminer ?", "answer": "L'algorithme de Ford-Fulkerson peut ne pas terminer si des capacités irrationnelles sont présentes dans le graphe.", "created_at": "2026-06-15T10:24:10.462Z", "deck": 6, "difficulty": "medium"}}, {"model": "courses.flashcard", "pk": 377, "fields": {"question": "Que signifie Lv = dv dans le contexte des flots ?", "answer": "Si Lv = dv, le flot satisfait les demandes requises; sinon, il faut ajuster les demandes et capacités.", "created_at": "2026-06-15T10:24:10.462Z", "deck": 6, "difficulty": "medium"}}, {"model": "courses.flashcard", "pk": 378, "fields": {"question": "Combien de sous-séquences possibles existe-t-il pour une séquence de longueur n ?", "answer": "Le nombre total de sous-séquences possibles d'une séquence S de longueur n est 2^|S|.", "created_at": "2026-06-15T10:24:10.462Z", "deck": 6, "difficulty": "medium"}}, {"model": "courses.flashcard", "pk": 379, "fields": {"question": "Quel est le facteur d'approximation de l'algorithme LSA pour l'ordonnancement des tâches ?", "answer": "L'algorithme LSA pour l'ordonnancement des tâches a un facteur d'approximation de 2.", "created_at": "2026-06-15T10:24:10.462Z", "deck": 6, "difficulty": "medium"}}, {"model": "courses.flashcard", "pk": 380, "fields": {"question": "Quelle est la probabilité qu'un processus réussisse à accéder à la base ?", "answer": "La probabilité qu'un processus réussisse à accéder à la base est P(S[i, t]) = p(1 − p)^(n−1).", "created_at": "2026-06-15T10:24:10.462Z", "deck": 6, "difficulty": "medium"}}, {"model": "courses.flashcard", "pk": 381, "fields": {"question": "Qu'est-ce qu'un invariant d'un type de données ?", "answer": "Un invariant d'un type de données est une propriété vérifiée par toute instance correcte de ce type.", "created_at": "2026-06-15T10:24:10.462Z", "deck": 6, "difficulty": "medium"}}, {"model": "courses.flashcard", "pk": 382, "fields": {"question": "Comment est représenté un graphe par liste d'incidence ?", "answer": "La représentation par liste d'incidence d'un graphe utilise un tableau pour stocker les arcs sortants de chaque sommet, permettant un accès en O(1).", "created_at": "2026-06-15T10:24:10.462Z", "deck": 6, "difficulty": "medium"}}, {"model": "courses.flashcard", "pk": 383, "fields": {"question": "Qu'est-ce qu'un st-flot ?", "answer": "Un st-flot est une fonction qui respecte la loi de capacité, où le flux sur chaque arc ne dépasse pas sa capacité maximale.", "created_at": "2026-06-15T10:24:10.462Z", "deck": 6, "difficulty": "medium"}}, {"model": "courses.flashcard", "pk": 384, "fields": {"question": "Quelle est la complexité de l'algorithme de Ford-Fulkerson ?", "answer": "La complexité de l'algorithme de Ford-Fulkerson est O(|V|.|E|^2) lorsqu'il utilise des chemins de coût minimum.", "created_at": "2026-06-15T10:24:10.462Z", "deck": 6, "difficulty": "medium"}}, {"model": "courses.flashcard", "pk": 385, "fields": {"question": "Comment est définie la distance entre deux sommets dans un graphe ?", "answer": "La distance entre deux sommets s et t d'un graphe G est définie par d(s, t) = minP : st-chemin l(P).", "created_at": "2026-06-15T10:24:10.462Z", "deck": 6, "difficulty": "medium"}}, {"model": "courses.flashcard", "pk": 386, "fields": {"question": "Quelle est la complexité de l'algorithme de recherche d'une plus longue sous-séquence commune ?", "answer": "La complexité de l'algorithme de recherche d'une plus longue sous-séquence commune est O(nm), où n et m sont les longueurs des deux séquences.", "created_at": "2026-06-15T10:24:10.462Z", "deck": 6, "difficulty": "medium"}}, {"model": "courses.flashcard", "pk": 387, "fields": {"question": "Quel est le facteur d'approximation de l'algorithme LPT ?", "answer": "L'algorithme LPT, qui trie les tâches par durée décroissante, a un facteur d'approximation de 4/3.", "created_at": "2026-06-15T10:24:10.462Z", "deck": 6, "difficulty": "medium"}}, {"model": "courses.flashcard", "pk": 388, "fields": {"question": "Quand la dérivée de f(p) = p(1 − p)^(n−1) est-elle nulle ?", "answer": "La dérivée de f(p) = p(1 − p)^(n−1) est nulle pour p = 1/n, ce qui maximise la fonction.", "created_at": "2026-06-15T10:24:10.462Z", "deck": 6, "difficulty": "medium"}}, {"model": "courses.flashcard", "pk": 389, "fields": {"question": "Comment est mesurée la complexité asymptotique d'un algorithme ?", "answer": "La complexité asymptotique d'un algorithme est mesurée en nombre d'opérations élémentaires dans le pire des cas.", "created_at": "2026-06-15T10:24:10.462Z", "deck": 6, "difficulty": "medium"}}, {"model": "courses.flashcard", "pk": 390, "fields": {"question": "À quoi sert le graphe résiduel d'un flot ?", "answer": "Le graphe résiduel d'un flot permet de visualiser les arcs non saturés et les possibilités d'augmenter ou de diminuer le flot sur certains arcs.", "created_at": "2026-06-15T10:24:10.462Z", "deck": 6, "difficulty": "medium"}}, {"model": "courses.flashcard", "pk": 391, "fields": {"question": "Qu'est-ce qu'une circulation avec demandes dans un graphe ?", "answer": "Une circulation avec demandes dans un graphe nécessite que la somme des demandes soit nulle pour exister.", "created_at": "2026-06-15T10:24:10.462Z", "deck": 6, "difficulty": "medium"}}, {"model": "courses.flashcard", "pk": 392, "fields": {"question": "Quel est l'objectif de l'algorithme de Dijkstra ?", "answer": "L'algorithme de Dijkstra permet de trouver les plus courts chemins depuis une source s dans un graphe orienté avec des longueurs d'arcs positives.", "created_at": "2026-06-15T10:24:10.462Z", "deck": 6, "difficulty": "medium"}}, {"model": "courses.flashcard", "pk": 393, "fields": {"question": "Comment est définie la structure secondaire d'une séquence d'ARN ?", "answer": "La structure secondaire d'une séquence d'ARN est définie par des paires d'indices vérifiant certaines propriétés d'appariement.", "created_at": "2026-06-15T10:24:10.462Z", "deck": 6, "difficulty": "medium"}}, {"model": "courses.flashcard", "pk": 394, "fields": {"question": "Quel est le facteur d'approximation du problème du sac à dos par un algorithme glouton ?", "answer": "Le problème du sac à dos peut être approximé avec un facteur 1/2 par un algorithme glouton.", "created_at": "2026-06-15T10:24:10.462Z", "deck": 6, "difficulty": "medium"}}, {"model": "courses.flashcard", "pk": 395, "fields": {"question": "Comment est définie l'espérance d'une variable aléatoire X ?", "answer": "L'espérance E(X) d'une variable aléatoire X est définie par E(X) = Σ j × P[X = j].", "created_at": "2026-06-15T10:24:10.462Z", "deck": 6, "difficulty": "medium"}}, {"model": "courses.flashcard", "pk": 396, "fields": {"question": "Comment fonctionne un flot de coût minimum ?", "answer": "Pour un flot de coût minimum, on utilise un graphe résiduel avec des coûts sur les arcs au lieu de capacités.", "created_at": "2026-06-15T10:24:10.462Z", "deck": 6, "difficulty": "medium"}}, {"model": "courses.flashcard", "pk": 397, "fields": {"question": "Quelle est la complexité de l'algorithme de Dijkstra ?", "answer": "La complexité de l'algorithme de Dijkstra est O(|V(G)| + |E(G)| log |V(G)|).", "created_at": "2026-06-15T10:24:10.462Z", "deck": 6, "difficulty": "medium"}}, {"model": "courses.flashcard", "pk": 398, "fields": {"question": "Qu'est-ce qu'un appariement maximal pour une séquence d'ARN ?", "answer": "Pour une séquence d'ARN, un appariement maximal est celui contenant le plus de paires compatibles, respectant des contraintes de non-croisement.", "created_at": "2026-06-15T10:24:10.462Z", "deck": 6, "difficulty": "medium"}}, {"model": "courses.quiz", "pk": 5, "fields": {"title": "cours3", "subject": "Quiz", "questions": [], "deck": 1, "course": null, "user": 1, "created_at": "2026-06-12T09:00:13.163Z"}}, {"model": "courses.quiz", "pk": 6, "fields": {"title": "cmXX_allocation_registres_java", "subject": "Quiz", "questions": [], "deck": 2, "course": null, "user": 1, "created_at": "2026-06-14T11:31:39.111Z"}}, {"model": "courses.quiz", "pk": 10, "fields": {"title": "cmXX_allocation_registres_java", "subject": "Quiz", "questions": [], "deck": 2, "course": null, "user": 1, "created_at": "2026-06-14T13:17:44.900Z"}}, {"model": "courses.quiz", "pk": 12, "fields": {"title": "L3InfoIAA_2", "subject": "Quiz", "questions": [], "deck": 4, "course": null, "user": 1, "created_at": "2026-06-14T14:08:43.389Z"}}, {"model": "courses.quiz", "pk": 13, "fields": {"title": "L3InfoIAA_2", "subject": "Quiz", "questions": [], "deck": 4, "course": null, "user": 1, "created_at": "2026-06-14T14:18:50.364Z"}}, {"model": "courses.quiz", "pk": 14, "fields": {"title": "notes-de-cours", "subject": "Quiz", "questions": [], "deck": 6, "course": null, "user": 1, "created_at": "2026-06-15T10:27:28.297Z"}}, {"model": "courses.quizquestion", "pk": 73, "fields": {"quiz": 5, "question": "Quels sont les services rendus par la couche transport ?", "choices": ["Multiplexage, transfert de données fiable, contrôle de flux et contrôle de congestion", "Établir un canal fiable entre émetteur et récepteur", "Gérer la quantité de données transmises", "Livrer les segments à la bonne socket"], "correct_answer": "Multiplexage, transfert de données fiable, contrôle de flux et contrôle de congestion", "explanation": "La couche transport fournit des services tels que le multiplexage, le transfert de données fiable, le contrôle de flux et le contrôle de congestion pour garantir la transmission efficace des données."}}, {"model": "courses.quizquestion", "pk": 74, "fields": {"quiz": 5, "question": "Quel est le protocole de la couche transport qui fournit des garanties supplémentaires ?", "choices": ["TCP", "UDP", "HTTP", "FTP"], "correct_answer": "TCP", "explanation": "Le protocole TCP fournit des garanties supplémentaires telles que la fiabilité et la séquenciation des données pour garantir la transmission sécurisée des données."}}, {"model": "courses.quizquestion", "pk": 75, "fields": {"quiz": 5, "question": "Quel est le but du transfert de données fiable ?", "choices": ["Établir un canal fiable entre émetteur et récepteur", "Gérer la quantité de données transmises", "Livrer les segments à la bonne socket", "Multiplexage, transfert de données fiable, contrôle de flux et contrôle de congestion"], "correct_answer": "Établir un canal fiable entre émetteur et récepteur", "explanation": "Le but du transfert de données fiable est d'établir un canal fiable entre l'émetteur et le récepteur pour garantir la transmission sécurisée des données."}}, {"model": "courses.quizquestion", "pk": 76, "fields": {"quiz": 5, "question": "Quel est le protocole de la couche transport qui n'est pas fiable ?", "choices": ["TCP", "UDP", "HTTP", "FTP"], "correct_answer": "UDP", "explanation": "Le protocole UDP n'est pas fiable et ne fournit pas de garanties supplémentaires pour la transmission des données."}}, {"model": "courses.quizquestion", "pk": 77, "fields": {"quiz": 5, "question": "Quel est le but du contrôle de congestion ?", "choices": ["Établir un canal fiable entre émetteur et récepteur", "Gérer la quantité de données transmises", "Livrer les segments à la bonne socket", "Eviter la saturation du réseau"], "correct_answer": "Eviter la saturation du réseau", "explanation": "Le but du contrôle de congestion est d'éviter la saturation du réseau en limitant la quantité de données transmises."}}, {"model": "courses.quizquestion", "pk": 78, "fields": {"quiz": 5, "question": "Quel est le rôle du numéro de port dans le démultiplexage ?", "choices": ["Il permet de livrer le segment à la bonne socket", "Il permet de détecter les erreurs lors de la transmission des segments", "Il permet de gérer la quantité de données transmises", "Il permet d'établir un canal fiable entre émetteur et récepteur"], "correct_answer": "Il permet de livrer le segment à la bonne socket", "explanation": "Le numéro de port permet de livrer le segment à la bonne socket en utilisant le démultiplexage."}}, {"model": "courses.quizquestion", "pk": 79, "fields": {"quiz": 5, "question": "Quel est le but du démultiplexage dans le protocole TCP ?", "choices": ["Livrer les segments à la bonne socket", "Gérer la quantité de données transmises", "Établir un canal fiable entre émetteur et récepteur", "Multiplexage, transfert de données fiable, contrôle de flux et contrôle de congestion"], "correct_answer": "Livrer les segments à la bonne socket", "explanation": "Le but du démultiplexage dans le protocole TCP est de livrer les segments à la bonne socket en utilisant le numéro de port."}}, {"model": "courses.quizquestion", "pk": 80, "fields": {"quiz": 5, "question": "Quel est le protocole de la couche transport qui utilise la somme de contrôle (checksum) ?", "choices": ["TCP", "UDP", "HTTP", "FTP"], "correct_answer": "TCP", "explanation": "Le protocole TCP utilise la somme de contrôle (checksum) pour détecter les erreurs lors de la transmission des segments."}}, {"model": "courses.quizquestion", "pk": 81, "fields": {"quiz": 5, "question": "Quel est le but du contrôle de flux dans le protocole TCP ?", "choices": ["Gérer la quantité de données transmises", "Livrer les segments à la bonne socket", "Établir un canal fiable entre émetteur et récepteur", "Eviter la saturation du réseau"], "correct_answer": "Gérer la quantité de données transmises", "explanation": "Le contrôle de flux est utilisé pour gérer la quantité de données transmises dans le protocole TCP."}}, {"model": "courses.quizquestion", "pk": 82, "fields": {"quiz": 5, "question": "Quels sont les primitives utilisées pour le transfert de données fiable ?", "choices": ["Multiplexage, transfert de données fiable, contrôle de flux et contrôle de congestion", "TCP", "Établir un canal fiable entre émetteur et récepteur à partir du canal non-fiable de la couche inférieure", "rdt_send(), rdt_rcv(), deliver_data()"], "correct_answer": "rdt_send(), rdt_rcv(), deliver_data()", "explanation": "rdt_send(), rdt_rcv(), deliver_data()"}}, {"model": "courses.quizquestion", "pk": 83, "fields": {"quiz": 5, "question": "Quel est le but de la somme de contrôle (checksum) ?", "choices": ["Détecter les erreurs lors de la transmission des segments", "Multiplexage, transfert de données fiable, contrôle de flux et contrôle de congestion", "TCP", "Établir un canal fiable entre émetteur et récepteur à partir du canal non-fiable de la couche inférieure"], "correct_answer": "Détecter les erreurs lors de la transmission des segments", "explanation": "Détecter les erreurs lors de la transmission des segments"}}, {"model": "courses.quizquestion", "pk": 84, "fields": {"quiz": 5, "question": "Comment la couche transport sait à quelle application livrer le message ?", "choices": ["Multiplexage, transfert de données fiable, contrôle de flux et contrôle de congestion", "En utilisant le multiplexage et le démultiplexage", "TCP", "Établir un canal fiable entre émetteur et récepteur à partir du canal non-fiable de la couche inférieure"], "correct_answer": "En utilisant le multiplexage et le démultiplexage", "explanation": "En utilisant le multiplexage et le démultiplexage"}}, {"model": "courses.quizquestion", "pk": 85, "fields": {"quiz": 5, "question": "Quel est le but du contrôle de flux ?", "choices": ["Multiplexage, transfert de données fiable, contrôle de flux et contrôle de congestion", "Gérer la quantité de données transmises", "TCP", "Établir un canal fiable entre émetteur et récepteur à partir du canal non-fiable de la couche inférieure"], "correct_answer": "Gérer la quantité de données transmises", "explanation": "Gérer la quantité de données transmises"}}, {"model": "courses.quizquestion", "pk": 86, "fields": {"quiz": 5, "question": "Quel est le rôle de la somme de contrôle (checksum) dans le protocole TCP ?", "choices": ["Multiplexage, transfert de données fiable, contrôle de flux et contrôle de congestion", "TCP", "Il permet de détecter les erreurs lors de la transmission des segments", "Établir un canal fiable entre émetteur et récepteur à partir du canal non-fiable de la couche inférieure"], "correct_answer": "Il permet de détecter les erreurs lors de la transmission des segments", "explanation": "Il permet de détecter les erreurs lors de la transmission des segments"}}, {"model": "courses.quizquestion", "pk": 87, "fields": {"quiz": 5, "question": "Comment fonctionne le démultiplexage dans le protocole TCP ?", "choices": ["Multiplexage, transfert de données fiable, contrôle de flux et contrôle de congestion", "TCP", "Établir un canal fiable entre émetteur et récepteur à partir du canal non-fiable de la couche inférieure", "En utilisant les adresses IP et les numéros de port"], "correct_answer": "En utilisant les adresses IP et les numéros de port", "explanation": "En utilisant les adresses IP et les numéros de port"}}, {"model": "courses.quizquestion", "pk": 88, "fields": {"quiz": 5, "question": "Quel est le but du protocole RDT ?", "choices": ["Établir un canal fiable entre émetteur et récepteur", "Multiplexage, transfert de données fiable, contrôle de flux et contrôle de congestion", "TCP", "Établir un canal fiable entre émetteur et récepteur à partir du canal non-fiable de la couche inférieure"], "correct_answer": "Établir un canal fiable entre émetteur et récepteur", "explanation": "Établir un canal fiable entre émetteur et récepteur"}}, {"model": "courses.quizquestion", "pk": 89, "fields": {"quiz": 5, "question": "Quels sont les états possibles dans le protocole RDT ?", "choices": ["Multiplexage, transfert de données fiable, contrôle de flux et contrôle de congestion", "État 1 et état 2", "TCP", "Établir un canal fiable entre émetteur et récepteur à partir du canal non-fiable de la couche inférieure"], "correct_answer": "État 1 et état 2", "explanation": "État 1 et état 2"}}, {"model": "courses.quizquestion", "pk": 90, "fields": {"quiz": 5, "question": "Quel est le rôle des primitives rdt_send() et rdt_rcv() dans le protocole RDT ?", "choices": ["Multiplexage, transfert de données fiable, contrôle de flux et contrôle de congestion", "TCP", "Ils permettent de transférer des données fiables", "Établir un canal fiable entre émetteur et récepteur à partir du canal non-fiable de la couche inférieure"], "correct_answer": "Ils permettent de transférer des données fiables", "explanation": "Ils permettent de transférer des données fiables"}}, {"model": "courses.quizquestion", "pk": 91, "fields": {"quiz": 5, "question": "Comment fonctionne la somme de contrôle (checksum) dans le protocole TCP ?", "choices": ["Multiplexage, transfert de données fiable, contrôle de flux et contrôle de congestion", "TCP", "Établir un canal fiable entre émetteur et récepteur à partir du canal non-fiable de la couche inférieure", "En additionnant les mots de 16 bits du segment"], "correct_answer": "En additionnant les mots de 16 bits du segment", "explanation": "En additionnant les mots de 16 bits du segment"}}, {"model": "courses.quizquestion", "pk": 92, "fields": {"quiz": 5, "question": "Quel est le but du contrôle de congestion dans le protocole TCP ?", "choices": ["Eviter la saturation du réseau", "Multiplexage, transfert de données fiable, contrôle de flux et contrôle de congestion", "TCP", "Établir un canal fiable entre émetteur et récepteur à partir du canal non-fiable de la couche inférieure"], "correct_answer": "Eviter la saturation du réseau", "explanation": "Eviter la saturation du réseau"}}, {"model": "courses.quizquestion", "pk": 93, "fields": {"quiz": 5, "question": "Quel est le rôle du numéro de port dans le protocole TCP ?", "choices": ["Multiplexage, transfert de données fiable, contrôle de flux et contrôle de congestion", "Il permet de livrer le segment à la bonne socket", "TCP", "Établir un canal fiable entre émetteur et récepteur à partir du canal non-fiable de la couche inférieure"], "correct_answer": "Il permet de livrer le segment à la bonne socket", "explanation": "Il permet de livrer le segment à la bonne socket"}}, {"model": "courses.quizquestion", "pk": 94, "fields": {"quiz": 6, "question": "Quels sont les trois packages nécessaires pour l'implémentation de l'allocation de registres ?", "choices": ["graph, intset et ig", "intset, ig et graph", "ig, graph et intset", "intset, graph et ig"], "correct_answer": "graph, intset et ig", "explanation": "Ces trois packages sont nécessaires pour l'implémentation de l'allocation de registres."}}, {"model": "courses.quizquestion", "pk": 95, "fields": {"quiz": 6, "question": "Quelle est la classe représentant la coloration de graphe dans le package graph ?", "choices": ["ColorGraph", "Graph", "Color", "Graphe"], "correct_answer": "ColorGraph", "explanation": "La classe ColorGraph est utilisée pour colorer un graphe en utilisant un nombre limité de couleurs."}}, {"model": "courses.quizquestion", "pk": 96, "fields": {"quiz": 6, "question": "Quelle est la différence entre la classe ColorGraph et l'implémentation de coloration de graphe vue en cours ?", "choices": ["Les sommets sont enlevés du graphe, mais ajoutés à l'ensemble enleves", "Les sommets ne sont pas enlevés du graphe, mais ajoutés à l'ensemble enleves", "Les sommets sont enlevés du graphe, mais non ajoutés à l'ensemble enleves", "Les sommets ne sont pas enlevés du graphe, mais non ajoutés à l'ensemble enleves"], "correct_answer": "Les sommets ne sont pas enlevés du graphe, mais ajoutés à l'ensemble enleves", "explanation": "La classe ColorGraph est utilisée pour colorer un graphe en utilisant un nombre limité de couleurs."}}, {"model": "courses.quizquestion", "pk": 97, "fields": {"quiz": 6, "question": "Quelle est la valeur représentant l'absence de couleur dans la classe ColorGraph ?", "choices": ["-1", "0", "1", "2"], "correct_answer": "-1", "explanation": "L'absence de couleur est représentée par la constante NOCOLOR qui vaut −1."}}, {"model": "courses.quizquestion", "pk": 98, "fields": {"quiz": 6, "question": "Quelle est la méthode permettant d'accéder rapidement à un sommet du graphe à partir de son identifiant dans la classe ColorGraph ?", "choices": ["int2Node", "getNode", "getSommet", "getIdentifiant"], "correct_answer": "int2Node", "explanation": "Le tableau int2Node permet d'accéder rapidement à un sommet du graphe à partir de son identifiant."}}, {"model": "courses.quizquestion", "pk": 99, "fields": {"quiz": 6, "question": "Quelle est la classe représentant le graphe d'interférence dans le package ig ?", "choices": ["Ig", "Graphe", "Interférence", "Graphe d'interférence"], "correct_answer": "Ig", "explanation": "La classe Ig est utilisée pour représenter le graphe d'interférence."}}, {"model": "courses.quizquestion", "pk": 100, "fields": {"quiz": 6, "question": "Quelle est la méthode permettant de renvoyer un tableau de taille R indiquant pour chaque registre, sa couleur dans la classe Ig ?", "choices": ["getPrecoloredTemporaries", "getColor", "getRegistre", "getCouleur"], "correct_answer": "getPrecoloredTemporaries", "explanation": "La méthode getPrecoloredTemporaries renvoie un tableau de taille R, indiquant pour chaque registre, sa couleur."}}, {"model": "courses.quizquestion", "pk": 101, "fields": {"quiz": 6, "question": "Quel est le but de la classe ColorGraph ?", "choices": ["La classe ColorGraph est utilisée pour colorer un graphe en utilisant un nombre limité de couleurs.", "La classe ColorGraph est utilisée pour représenter le graphe d'interférence.", "La classe ColorGraph est utilisée pour accéder rapidement à un sommet du graphe.", "La classe ColorGraph est utilisée pour renvoyer un tableau de taille R indiquant pour chaque registre, sa couleur."], "correct_answer": "La classe ColorGraph est utilisée pour colorer un graphe en utilisant un nombre limité de couleurs.", "explanation": "La classe ColorGraph est utilisée pour colorer un graphe en utilisant un nombre limité de couleurs."}}, {"model": "courses.quizquestion", "pk": 102, "fields": {"quiz": 6, "question": "Quel est le nombre de registres fictifs dans la classe Ig ?", "choices": ["Le nombre de registres réels", "Le nombre de registres virtuels", "Le nombre de registres fictifs représenté par la variable R", "Le nombre de registres en mémoire"], "correct_answer": "Le nombre de registres fictifs représenté par la variable R", "explanation": "Le nombre de registres fictifs dans la classe Ig est représenté par la variable R."}}, {"model": "courses.quizquestion", "pk": 103, "fields": {"quiz": 6, "question": "Quel est le passage du cours qui explique l'allocation de registres ?", "choices": ["Allocation de registres : implémentation Alexis Nasr Compilation – L3 Informatique Département Informatique et Interactions Aix Marseille Université 1 / 5 Allocation de registres L’allocation de registres repose sur trois packages Le package graph, représentation générique de graphes.", "Le package intset, représentation d’ensembles d’entiers Le package ig, graphe d’interférence.", "L’absence de couleur est représentée par la constante NOCOLOR qui vaut −1.", "Le tableau int2Node permet d’accéder rapidement à un sommet du graphe à partir de son identifiant."], "correct_answer": "Allocation de registres : implémentation Alexis Nasr Compilation – L3 Informatique Département Informatique et Interactions Aix Marseille Université 1 / 5 Allocation de registres L’allocation de registres repose sur trois packages Le package graph, représentation générique de graphes.", "explanation": "L'allocation de registres repose sur trois packages : le package graph, le package intset et le package ig."}}, {"model": "courses.quizquestion", "pk": 104, "fields": {"quiz": 6, "question": "Quelle est la définition de l'allocation de registres ?", "choices": ["L'allocation de registres est un mécanisme qui permet de répartir les registres d'un processeur entre les variables d'un programme.", "L'allocation de registres est un mécanisme qui permet de répartir les variables d'un programme entre les registres d'un processeur.", "L'allocation de registres est un mécanisme qui permet de répartir les registres d'un processeur entre les registres d'un processeur.", "L'allocation de registres est un mécanisme qui permet de répartir les variables d'un programme entre les variables d'un programme."], "correct_answer": "L'allocation de registres est un mécanisme qui permet de répartir les registres d'un processeur entre les variables d'un programme.", "explanation": "L'allocation de registres est un mécanisme qui permet de répartir les registres d'un processeur entre les variables d'un programme."}}, {"model": "courses.quizquestion", "pk": 105, "fields": {"quiz": 6, "question": "Quels sont les trois packages nécessaires pour l'implémentation de l'allocation de registres ? (variante 1)", "choices": ["graph, intset et ig", "ColorGraph", "Les sommets ne sont pas enlevés du graphe, mais ajoutés à l'ensemble enleves", "-1"], "correct_answer": "graph, intset et ig", "explanation": "graph, intset et ig"}}, {"model": "courses.quizquestion", "pk": 106, "fields": {"quiz": 6, "question": "Quelle est la classe représentant la coloration de graphe dans le package graph ? (variante 2)", "choices": ["graph, intset et ig", "ColorGraph", "Les sommets ne sont pas enlevés du graphe, mais ajoutés à l'ensemble enleves", "-1"], "correct_answer": "ColorGraph", "explanation": "ColorGraph"}}, {"model": "courses.quizquestion", "pk": 107, "fields": {"quiz": 6, "question": "Quelle est la différence entre la classe ColorGraph et l'implémentation de coloration de graphe vue en cours ? (variante 3)", "choices": ["graph, intset et ig", "ColorGraph", "Les sommets ne sont pas enlevés du graphe, mais ajoutés à l'ensemble enleves", "-1"], "correct_answer": "Les sommets ne sont pas enlevés du graphe, mais ajoutés à l'ensemble enleves", "explanation": "Les sommets ne sont pas enlevés du graphe, mais ajoutés à l'ensemble enleves"}}, {"model": "courses.quizquestion", "pk": 108, "fields": {"quiz": 6, "question": "Quelle est la valeur représentant l'absence de couleur dans la classe ColorGraph ? (variante 4)", "choices": ["graph, intset et ig", "ColorGraph", "Les sommets ne sont pas enlevés du graphe, mais ajoutés à l'ensemble enleves", "-1"], "correct_answer": "-1", "explanation": "-1"}}, {"model": "courses.quizquestion", "pk": 161, "fields": {"quiz": 10, "question": "Quels sont les trois packages nécessaires pour l'implémentation de l'allocation de registres ?", "choices": ["graph", "intset", "ig", "graphique"], "correct_answer": "graph", "explanation": "Les packages graph, intset et ig sont nécessaires pour l'implémentation de l'allocation de registres."}}, {"model": "courses.quizquestion", "pk": 162, "fields": {"quiz": 10, "question": "Quelle est la classe représentant la coloration de graphe dans le package graph ?", "choices": ["ColorGraph", "Graph", "Color", "Graphe"], "correct_answer": "ColorGraph", "explanation": "La classe ColorGraph est utilisée pour colorer un graphe en utilisant un nombre limité de couleurs."}}, {"model": "courses.quizquestion", "pk": 163, "fields": {"quiz": 10, "question": "Quelle est la méthode permettant de construire le graphe d'interaction à partir de la solution fgs du graphe d'analyse dans la classe Ig ?", "choices": ["construction", "construire", "creer", "build"], "correct_answer": "construction", "explanation": "La méthode construction construit le graphe d'interaction à partir de la solution fgs du graphe d'analyse."}}, {"model": "courses.quizquestion", "pk": 164, "fields": {"quiz": 10, "question": "Quel est le but de la classe ColorGraph ?", "choices": ["La classe ColorGraph est utilisée pour colorer un graphe en utilisant un nombre limité de couleurs.", "La classe ColorGraph est utilisée pour construire le graphe d'interaction.", "La classe ColorGraph est utilisée pour représenter la coloration de graphe.", "La classe ColorGraph est utilisée pour représenter le graphe d'interférence."], "correct_answer": "La classe ColorGraph est utilisée pour colorer un graphe en utilisant un nombre limité de couleurs.", "explanation": "La classe ColorGraph est utilisée pour colorer un graphe en utilisant un nombre limité de couleurs."}}, {"model": "courses.quizquestion", "pk": 165, "fields": {"quiz": 10, "question": "Quelle est la méthode permettant de renvoyer un tableau de taille R indiquant pour chaque registre, sa couleur dans la classe Ig ?", "choices": ["getPrecoloredTemporaries", "getPrecolored", "getTemporaries", "getColors"], "correct_answer": "getPrecoloredTemporaries", "explanation": "La méthode getPrecoloredTemporaries renvoie un tableau de taille R, indiquant pour chaque registre, sa couleur."}}, {"model": "courses.quizquestion", "pk": 166, "fields": {"quiz": 10, "question": "Explique ce passage du cours (1) : Allocation de registres : implémentation Alexis Nasr Compilation – L3 Informatique Département Informatique et Interactions Aix Marseille Université 1 / 5 Allocation de registres L’allocation de registres repose sur trois packages Le package graph, représentation générique de graphes.", "choices": ["Les packages graph, intset et ig sont nécessaires pour l'implémentation de l'allocation de registres.", "Les packages graph, intset et ig sont utilisés pour représenter la coloration de graphe.", "Les packages graph, intset et ig sont utilisés pour construire le graphe d'interaction.", "Les packages graph, intset et ig sont utilisés pour représenter le graphe d'interférence."], "correct_answer": "Les packages graph, intset et ig sont nécessaires pour l'implémentation de l'allocation de registres.", "explanation": "Les packages graph, intset et ig sont nécessaires pour l'implémentation de l'allocation de registres."}}, {"model": "courses.quizquestion", "pk": 167, "fields": {"quiz": 10, "question": "Explique ce passage du cours (2) : Le package intset, représentation d’ensembles d’entiers Le package ig, graphe d’interférence.", "choices": ["Le package intset est utilisé pour représenter la coloration de graphe.", "Le package intset est utilisé pour construire le graphe d'interaction.", "Le package intset est utilisé pour représenter le graphe d'interférence.", "Le package intset est utilisé pour représenter les ensembles d'entiers."], "correct_answer": "Le package intset est utilisé pour représenter les ensembles d'entiers.", "explanation": "Le package intset est utilisé pour représenter les ensembles d'entiers."}}, {"model": "courses.quizquestion", "pk": 168, "fields": {"quiz": 10, "question": "Explique ce passage du cours (4) : Le tableau int2Node permet d’accéder rapidement à un sommet du graphe à partir de son identifiant.", "choices": ["Le tableau int2Node permet d’accéder rapidement à un sommet du graphe à partir de son identifiant.", "Le tableau int2Node permet de construire le graphe d'interaction.", "Le tableau int2Node permet de représenter la coloration de graphe.", "Le tableau int2Node permet de représenter le graphe d'interférence."], "correct_answer": "Le tableau int2Node permet d’accéder rapidement à un sommet du graphe à partir de son identifiant.", "explanation": "Le tableau int2Node permet d’accéder rapidement à un sommet du graphe à partir de son identifiant."}}, {"model": "courses.quizquestion", "pk": 169, "fields": {"quiz": 10, "question": "Quelle est la valeur représentant l'absence de couleur dans la classe ColorGraph ?", "choices": ["A. 0", "B. -1", "C. 1", "D. 2"], "correct_answer": "B. -1", "explanation": "La valeur -1 représente l'absence de couleur dans la classe ColorGraph."}}, {"model": "courses.quizquestion", "pk": 170, "fields": {"quiz": 10, "question": "Explique ce passage du cours (5) : La méthode getPrecoloredTemporaries renvoie un tableau de taille R, indiquant pour chaque registre, sa couleur.", "choices": ["A. La méthode getPrecoloredTemporaries renvoie un tableau de taille R indiquant pour chaque registre, sa couleur.", "B. La méthode getPrecoloredTemporaries renvoie un tableau de taille R indiquant pour chaque registre, sa valeur.", "C. La méthode getPrecoloredTemporaries renvoie un tableau de taille R indiquant pour chaque registre, sa position.", "D. La méthode getPrecoloredTemporaries renvoie un tableau de taille R indiquant pour chaque registre, sa valeur et sa position."], "correct_answer": "A. La méthode getPrecoloredTemporaries renvoie un tableau de taille R indiquant pour chaque registre, sa couleur.", "explanation": "La méthode getPrecoloredTemporaries renvoie un tableau de taille R indiquant pour chaque registre, sa couleur."}}, {"model": "courses.quizquestion", "pk": 171, "fields": {"quiz": 10, "question": "Quelle est la différence entre la classe ColorGraph et l'implémentation de coloration de graphe vue en cours ?", "choices": ["-1", "int2Node", "Les sommets ne sont pas enlevés du graphe, mais ajoutés à l'ensemble enleves", "Ig"], "correct_answer": "Les sommets ne sont pas enlevés du graphe, mais ajoutés à l'ensemble enleves", "explanation": "Les sommets ne sont pas enlevés du graphe, mais ajoutés à l'ensemble enleves"}}, {"model": "courses.quizquestion", "pk": 172, "fields": {"quiz": 10, "question": "Quelle est la méthode permettant d'accéder rapidement à un sommet du graphe à partir de son identifiant dans la classe ColorGraph ?", "choices": ["int2Node", "Ig", "construction", "getPrecoloredTemporaries"], "correct_answer": "int2Node", "explanation": "int2Node"}}, {"model": "courses.quizquestion", "pk": 173, "fields": {"quiz": 10, "question": "Quelle est la classe représentant le graphe d'interférence dans le package ig ?", "choices": ["construction", "Ig", "getPrecoloredTemporaries", "L'allocation de registres est un mécanisme qui permet de répartir les registres d'un processeur entre les variables d'un programme."], "correct_answer": "Ig", "explanation": "Ig"}}, {"model": "courses.quizquestion", "pk": 174, "fields": {"quiz": 10, "question": "Quelle est la définition de l'allocation de registres ?", "choices": ["L'allocation de registres est un mécanisme qui permet de répartir les registres d'un processeur entre les variables d'un programme.", "La classe ColorGraph est utilisée pour colorer un graphe en utilisant un nombre limité de couleurs.", "Le nombre de registres fictifs dans la classe Ig est représenté par la variable R.", "Allocation de registres : implémentation Alexis Nasr Compilation – L3 Informatique Département Informatique et Interactions Aix Marseille Université 1 / 5 Allocation de registres L’allocation de registres repose sur trois packages Le package graph, représentation générique de graphes."], "correct_answer": "L'allocation de registres est un mécanisme qui permet de répartir les registres d'un processeur entre les variables d'un programme.", "explanation": "L'allocation de registres est un mécanisme qui permet de répartir les registres d'un processeur entre les variables d'un programme."}}, {"model": "courses.quizquestion", "pk": 175, "fields": {"quiz": 10, "question": "Quel est le nombre de registres fictifs dans la classe Ig ?", "choices": ["Allocation de registres : implémentation Alexis Nasr Compilation – L3 Informatique Département Informatique et Interactions Aix Marseille Université 1 / 5 Allocation de registres L’allocation de registres repose sur trois packages Le package graph, représentation générique de graphes.", "Le package intset, représentation d’ensembles d’entiers Le package ig, graphe d’interférence.", "Le nombre de registres fictifs dans la classe Ig est représenté par la variable R.", "L’absence de couleur est représentée par la constante NOCOLOR qui vaut −1."], "correct_answer": "Le nombre de registres fictifs dans la classe Ig est représenté par la variable R.", "explanation": "Le nombre de registres fictifs dans la classe Ig est représenté par la variable R."}}, {"model": "courses.quizquestion", "pk": 176, "fields": {"quiz": 10, "question": "Explique ce passage du cours (1) : Allocation de registres : implémentation Alexis Nasr Compilation – L3 Informatique Département Informatique et Interactions Aix Marseille Un", "choices": ["Le package intset, représentation d’ensembles d’entiers Le package ig, graphe d’interférence.", "L’absence de couleur est représentée par la constante NOCOLOR qui vaut −1.", "Le tableau int2Node permet d’accéder rapidement à un sommet du graphe à partir de son identifiant.", "Allocation de registres : implémentation Alexis Nasr Compilation – L3 Informatique Département Informatique et Interactions Aix Marseille Université 1 / 5 Allocation de registres L’allocation de registres repose sur trois packages Le package graph, représentation générique de graphes."], "correct_answer": "Allocation de registres : implémentation Alexis Nasr Compilation – L3 Informatique Département Informatique et Interactions Aix Marseille Université 1 / 5 Allocation de registres L’allocation de registres repose sur trois packages Le package graph, représentation générique de graphes.", "explanation": "Allocation de registres : implémentation Alexis Nasr Compilation – L3 Informatique Département Informatique et Interactions Aix Marseille Université 1 / 5 Allocation de registres L’allocation de registres repose sur trois packages Le package graph, représentation générique de graphes."}}, {"model": "courses.quizquestion", "pk": 177, "fields": {"quiz": 10, "question": "Explique ce passage du cours (3) : L’absence de couleur est représentée par la constante NOCOLOR qui vaut −1.", "choices": ["Le tableau int2Node permet d’accéder rapidement à un sommet du graphe à partir de son identifiant.", "L’absence de couleur est représentée par la constante NOCOLOR qui vaut −1.", "La méthode getPrecoloredTemporaries renvoie un tableau de taille R, indiquant pour chaque registre, sa couleur.", "La méthode construction, construit le graphe d’interaction à partir de la solution fgs du graphe d’analyse."], "correct_answer": "L’absence de couleur est représentée par la constante NOCOLOR qui vaut −1.", "explanation": "L’absence de couleur est représentée par la constante NOCOLOR qui vaut −1."}}, {"model": "courses.quizquestion", "pk": 193, "fields": {"quiz": 12, "question": "Qu'est-ce que l'apprentissage automatique?", "choices": ["A", "B", "C", "D"], "correct_answer": "A", "explanation": "L'apprentissage automatique est l'art de faire apprendre un modèle formel à partir de données observées."}}, {"model": "courses.quizquestion", "pk": 194, "fields": {"quiz": 12, "question": "Qu'est-ce qu'un histogramme de couleurs?", "choices": ["A) Un histogramme de couleurs est une représentation globale qui compte les couleurs de chaque pixel dans une image.", "B) Un histogramme de couleurs est une représentation globale qui représente une image comme un ensemble de descripteurs locaux.", "C) Un histogramme de couleurs est une représentation globale qui représente une image comme un ensemble de pixels.", "D) Un histogramme de couleurs est une représentation globale qui représente une image comme un ensemble de couleurs."], "correct_answer": "A) Un histogramme de couleurs est une représentation globale qui compte les couleurs de chaque pixel dans une image.", "explanation": "Un histogramme de couleurs est une représentation globale qui compte les couleurs de chaque pixel dans une image."}}, {"model": "courses.quizquestion", "pk": 195, "fields": {"quiz": 12, "question": "Qu'est-ce que l'overfitting?", "choices": ["A) Un phénomène où le modèle est trop adapté aux données d'entraînement et ne généralise pas bien.", "B) Un phénomène où le modèle ne prend pas en compte les données d'entraînement.", "C) Un phénomène où le modèle est trop simple et ne prend pas en compte les données d'entraînement.", "D) Un phénomène où le modèle est trop complexe et prend en compte les données d'entraînement."], "correct_answer": "A) Un phénomène où le modèle est trop adapté aux données d'entraînement et ne généralise pas bien.", "explanation": "Un phénomène où le modèle est trop adapté aux données d'entraînement et ne généralise pas bien."}}, {"model": "courses.quizquestion", "pk": 196, "fields": {"quiz": 12, "question": "Qu'est-ce que les approches discriminantes?", "choices": ["A) Les approches discriminantes sont des méthodes d'apprentissage automatique qui modélisent la probabilité conditionnelle de la cible étant donnée une observation.", "B) Les approches discriminantes sont des méthodes d'apprentissage automatique qui modélisent la distribution jointe de la variable observée et de la variable cible.", "C) Les approches discriminantes sont des méthodes d'apprentissage automatique qui utilisent la similarité entre les données pour prédire les classes.", "D) Les approches discriminantes sont des méthodes d'apprentissage automatique qui utilisent la probabilité entre les données pour prédire les classes."], "correct_answer": "A) Les approches discriminantes sont des méthodes d'apprentissage automatique qui modélisent la probabilité conditionnelle de la cible étant donnée une observation.", "explanation": "Les approches discriminantes sont des méthodes d'apprentissage automatique qui modélisent la probabilité conditionnelle de la cible étant donnée une observation."}}, {"model": "courses.quizquestion", "pk": 197, "fields": {"quiz": 12, "question": "Qu'est-ce qu'une approche générative?", "choices": ["A) Une approche générative est une méthode qui consiste à modéliser la distribution jointe de la variable observée et de la variable cible.", "B) Une approche générative est une méthode qui consiste à modéliser la probabilité conditionnelle de la cible étant donnée une observation.", "C) Une approche générative est une méthode qui consiste à utiliser la similarité entre les données pour prédire les classes.", "D) Une approche générative est une méthode qui consiste à utiliser la probabilité entre les données pour prédire les classes."], "correct_answer": "A) Une approche générative est une méthode qui consiste à modéliser la distribution jointe de la variable observée et de la variable cible.", "explanation": "Une approche générative est une méthode qui consiste à modéliser la distribution jointe de la variable observée et de la variable cible."}}, {"model": "courses.quizquestion", "pk": 198, "fields": {"quiz": 12, "question": "Qu'est-ce que le Bagging?", "choices": ["A) Le Bagging (Bootstrap Aggregating) est une méthode d'apprentissage automatique qui combine les résultats de plusieurs modèles pour améliorer la précision.", "B) Le Bagging (Bootstrap Aggregating) est une méthode d'apprentissage automatique qui utilise la similarité entre les données pour prédire les classes.", "C) Le Bagging (Bootstrap Aggregating) est une méthode d'apprentissage automatique qui utilise la probabilité entre les données pour prédire les classes.", "D) Le Bagging (Bootstrap Aggregating) est une méthode d'apprentissage automatique qui utilise la fonction de décision pour prédire les classes."], "correct_answer": "A) Le Bagging (Bootstrap Aggregating) est une méthode d'apprentissage automatique qui combine les résultats de plusieurs modèles pour améliorer la précision.", "explanation": "Le Bagging (Bootstrap Aggregating) est une méthode d'apprentissage automatique qui combine les résultats de plusieurs modèles pour améliorer la précision."}}, {"model": "courses.quizquestion", "pk": 199, "fields": {"quiz": 12, "question": "Qu'est-ce que l'ensemble learning?", "choices": ["A) L'ensemble learning est une méthode d'apprentissage automatique qui combine les résultats de plusieurs modèles pour améliorer la précision.", "B) L'ensemble learning est une méthode d'apprentissage automatique qui utilise la similarité entre les données pour prédire les classes.", "C) L'ensemble learning est une méthode d'apprentissage automatique qui utilise la probabilité entre les données pour prédire les classes.", "D) L'ensemble learning est une méthode d'apprentissage automatique qui utilise la fonction de décision pour prédire les classes."], "correct_answer": "A) L'ensemble learning est une méthode d'apprentissage automatique qui combine les résultats de plusieurs modèles pour améliorer la précision.", "explanation": "L'ensemble learning est une méthode d'apprentissage automatique qui combine les résultats de plusieurs modèles pour améliorer la précision."}}, {"model": "courses.quizquestion", "pk": 200, "fields": {"quiz": 12, "question": "Qu'est-ce que les approches génératives?", "choices": ["A) Les approches génératives sont des méthodes d'apprentissage automatique qui modélisent la distribution jointe de la variable observée et de la variable cible.", "B) Les approches génératives sont des méthodes d'apprentissage automatique qui modélisent la probabilité conditionnelle de la cible étant donnée une observation.", "C) Les approches génératives sont des méthodes d'apprentissage automatique qui utilisent la similarité entre les données pour prédire les classes.", "D) Les approches génératives sont des méthodes d'apprentissage automatique qui utilisent la probabilité entre les données pour prédire les classes."], "correct_answer": "A) Les approches génératives sont des méthodes d'apprentissage automatique qui modélisent la distribution jointe de la variable observée et de la variable cible.", "explanation": "Les approches génératives sont des méthodes d'apprentissage automatique qui modélisent la distribution jointe de la variable observée et de la variable cible."}}, {"model": "courses.quizquestion", "pk": 201, "fields": {"quiz": 12, "question": "Quelle est la contrainte pénible dans le problème primal d'optimisation?", "choices": ["A) Pas de solution analytique", "B) La fonction objectif est non convexe", "C) La contrainte est non linéaire", "D) La variable est non continue"], "correct_answer": "A) Pas de solution analytique", "explanation": "La contrainte pénible dans le problème primal d'optimisation est que pas de solution analytique est disponible."}}, {"model": "courses.quizquestion", "pk": 202, "fields": {"quiz": 12, "question": "Qu'est-ce que le k-NN?", "choices": ["A) Le k-NN est un algorithme d'apprentissage automatique qui utilise la distance entre les données pour prédire les classes.", "B) Le k-NN est un algorithme d'apprentissage automatique qui utilise la similarité entre les données pour prédire les classes.", "C) Le k-NN est un algorithme d'apprentissage automatique qui utilise la probabilité conditionnelle pour prédire les classes.", "D) Le k-NN est un algorithme d'apprentissage automatique qui utilise la fonction d'activation logistique pour prédire les classes."], "correct_answer": "A) Le k-NN est un algorithme d'apprentissage automatique qui utilise la distance entre les données pour prédire les classes.", "explanation": "Le k-NN est un algorithme d'apprentissage automatique qui utilise la distance entre les données pour prédire les classes."}}, {"model": "courses.quizquestion", "pk": 203, "fields": {"quiz": 12, "question": "Qu'est-ce que le boosting?", "choices": ["A) Le boosting est une méthode d'apprentissage ensembliste qui combine les prédictions de plusieurs classifieurs pour améliorer la précision.", "B) Le boosting est une méthode d'apprentissage ensembliste qui combine les prédictions de plusieurs réseaux de neurones pour améliorer la précision.", "C) Le boosting est une méthode d'apprentissage ensembliste qui combine les prédictions de plusieurs approches génératives pour améliorer la précision.", "D) Le boosting est une méthode d'apprentissage ensembliste qui combine les prédictions de plusieurs approches discriminantes pour améliorer la précision."], "correct_answer": "A) Le boosting est une méthode d'apprentissage ensembliste qui combine les prédictions de plusieurs classifieurs pour améliorer la précision.", "explanation": "Le boosting est une méthode d'apprentissage ensembliste qui combine les prédictions de plusieurs classifieurs pour améliorer la précision."}}, {"model": "courses.quizquestion", "pk": 204, "fields": {"quiz": 12, "question": "Qu'est-ce qu'un produit scalaire?", "choices": ["A) Un produit scalaire est une opération mathématique qui prend deux vecteurs et renvoie un scalaire.", "B) Un produit scalaire est une opération mathématique qui prend deux matrices et renvoie une matrice.", "C) Un produit scalaire est une opération mathématique qui prend deux nombres et renvoie un nombre.", "D) Un produit scalaire est une opération mathématique qui prend deux fonctions et renvoie une fonction."], "correct_answer": "A) Un produit scalaire est une opération mathématique qui prend deux vecteurs et renvoie un scalaire.", "explanation": "Un produit scalaire est une opération mathématique qui prend deux vecteurs et renvoie un scalaire."}}, {"model": "courses.quizquestion", "pk": 205, "fields": {"quiz": 12, "question": "Qu'est-ce que la fonction de décision?", "choices": ["A) Une fonction de décision est une fonction qui prend une entrée et renvoie une sortie en fonction d'une règle de classification.", "B) Une fonction de décision est une fonction qui prend une entrée et renvoie une sortie en fonction d'une règle de régression.", "C) Une fonction de décision est une fonction qui prend une entrée et renvoie une sortie en fonction d'une règle de clustering.", "D) Une fonction de décision est une fonction qui prend une entrée et renvoie une sortie en fonction d'une règle de détection d'anomalies."], "correct_answer": "A) Une fonction de décision est une fonction qui prend une entrée et renvoie une sortie en fonction d'une règle de classification.", "explanation": "Une fonction de décision est une fonction qui prend une entrée et renvoie une sortie en fonction d'une règle de classification."}}, {"model": "courses.quizquestion", "pk": 206, "fields": {"quiz": 13, "question": "Qu'est-ce que l'apprentissage automatique?", "choices": ["L'apprentissage automatique est l'art de faire apprendre un modèle formel à partir de données observées.", "Un histogramme de couleurs est une représentation globale qui compte les couleurs de chaque pixel dans une image.", "Un perceptron est un algorithme d'apprentissage de discriminant linéaire, cas binaire.", "Pas de solution analytique"], "correct_answer": "L'apprentissage automatique est l'art de faire apprendre un modèle formel à partir de données observées.", "explanation": "L'apprentissage automatique est l'art de faire apprendre un modèle formel à partir de données observées."}}, {"model": "courses.quizquestion", "pk": 207, "fields": {"quiz": 13, "question": "Qu'est-ce qu'un histogramme de couleurs?", "choices": ["Un perceptron est un algorithme d'apprentissage de discriminant linéaire, cas binaire.", "Un histogramme de couleurs est une représentation globale qui compte les couleurs de chaque pixel dans une image.", "Pas de solution analytique", "Un phénomène où le modèle est trop adapté aux données d'entraînement et ne généralise pas bien."], "correct_answer": "Un histogramme de couleurs est une représentation globale qui compte les couleurs de chaque pixel dans une image.", "explanation": "Un histogramme de couleurs est une représentation globale qui compte les couleurs de chaque pixel dans une image."}}, {"model": "courses.quizquestion", "pk": 208, "fields": {"quiz": 13, "question": "Qu'est-ce qu'un perceptron ?", "choices": ["Pas de solution analytique", "Un phénomène où le modèle est trop adapté aux données d'entraînement et ne généralise pas bien.", "Un perceptron est un algorithme d'apprentissage de discriminant linéaire, cas binaire.", "La classiﬁcation supervisée est un type d'apprentissage automatique où l'objectif est de prédire une cible étiquetée à partir d'une observation."], "correct_answer": "Un perceptron est un algorithme d'apprentissage de discriminant linéaire, cas binaire.", "explanation": "Un perceptron est un algorithme d'apprentissage de discriminant linéaire, cas binaire."}}, {"model": "courses.quizquestion", "pk": 209, "fields": {"quiz": 13, "question": "Quelle est la contrainte pénible dans le problème primal d'optimisation?", "choices": ["Un phénomène où le modèle est trop adapté aux données d'entraînement et ne généralise pas bien.", "La classiﬁcation supervisée est un type d'apprentissage automatique où l'objectif est de prédire une cible étiquetée à partir d'une observation.", "Un Bag-of-features est une représentation globale qui représente une image comme un ensemble de descripteurs locaux.", "Pas de solution analytique"], "correct_answer": "Pas de solution analytique", "explanation": "Pas de solution analytique"}}, {"model": "courses.quizquestion", "pk": 210, "fields": {"quiz": 13, "question": "Qu'est-ce que l'overfitting ?", "choices": ["Un phénomène où le modèle est trop adapté aux données d'entraînement et ne généralise pas bien.", "La classiﬁcation supervisée est un type d'apprentissage automatique où l'objectif est de prédire une cible étiquetée à partir d'une observation.", "Un Bag-of-features est une représentation globale qui représente une image comme un ensemble de descripteurs locaux.", "Maximisation de la vraisemblance"], "correct_answer": "Un phénomène où le modèle est trop adapté aux données d'entraînement et ne généralise pas bien.", "explanation": "Un phénomène où le modèle est trop adapté aux données d'entraînement et ne généralise pas bien."}}, {"model": "courses.quizquestion", "pk": 211, "fields": {"quiz": 13, "question": "Qu'est-ce que la classiﬁcation supervisée?", "choices": ["Un Bag-of-features est une représentation globale qui représente une image comme un ensemble de descripteurs locaux.", "La classiﬁcation supervisée est un type d'apprentissage automatique où l'objectif est de prédire une cible étiquetée à partir d'une observation.", "Maximisation de la vraisemblance", "Le k-NN (k plus proches voisins) est un algorithme d'apprentissage automatique qui utilise la distance entre les données pour prédire les classes."], "correct_answer": "La classiﬁcation supervisée est un type d'apprentissage automatique où l'objectif est de prédire une cible étiquetée à partir d'une observation.", "explanation": "La classiﬁcation supervisée est un type d'apprentissage automatique où l'objectif est de prédire une cible étiquetée à partir d'une observation."}}, {"model": "courses.quizquestion", "pk": 212, "fields": {"quiz": 13, "question": "Qu'est-ce qu'un Bag-of-features?", "choices": ["Maximisation de la vraisemblance", "Le k-NN (k plus proches voisins) est un algorithme d'apprentissage automatique qui utilise la distance entre les données pour prédire les classes.", "Un Bag-of-features est une représentation globale qui représente une image comme un ensemble de descripteurs locaux.", "Le boosting est une méthode d'apprentissage ensembliste qui combine les prédictions de plusieurs classifieurs pour améliorer la précision."], "correct_answer": "Un Bag-of-features est une représentation globale qui représente une image comme un ensemble de descripteurs locaux.", "explanation": "Un Bag-of-features est une représentation globale qui représente une image comme un ensemble de descripteurs locaux."}}, {"model": "courses.quizquestion", "pk": 213, "fields": {"quiz": 13, "question": "Quelle est la méthode d'apprentissage de la régression logistique?", "choices": ["Le k-NN (k plus proches voisins) est un algorithme d'apprentissage automatique qui utilise la distance entre les données pour prédire les classes.", "Le boosting est une méthode d'apprentissage ensembliste qui combine les prédictions de plusieurs classifieurs pour améliorer la précision.", "Les approches discriminantes sont des méthodes d'apprentissage automatique qui modélisent la probabilité conditionnelle de la cible étant donnée une observation.", "Maximisation de la vraisemblance"], "correct_answer": "Maximisation de la vraisemblance", "explanation": "Maximisation de la vraisemblance"}}, {"model": "courses.quizquestion", "pk": 214, "fields": {"quiz": 13, "question": "Qu'est-ce que le k-NN ?", "choices": ["Le k-NN (k plus proches voisins) est un algorithme d'apprentissage automatique qui utilise la distance entre les données pour prédire les classes.", "Le boosting est une méthode d'apprentissage ensembliste qui combine les prédictions de plusieurs classifieurs pour améliorer la précision.", "Les approches discriminantes sont des méthodes d'apprentissage automatique qui modélisent la probabilité conditionnelle de la cible étant donnée une observation.", "Il n'existe pas de recette"], "correct_answer": "Le k-NN (k plus proches voisins) est un algorithme d'apprentissage automatique qui utilise la distance entre les données pour prédire les classes.", "explanation": "Le k-NN (k plus proches voisins) est un algorithme d'apprentissage automatique qui utilise la distance entre les données pour prédire les classes."}}, {"model": "courses.quizquestion", "pk": 215, "fields": {"quiz": 13, "question": "Qu'est-ce que le boosting ?", "choices": ["Les approches discriminantes sont des méthodes d'apprentissage automatique qui modélisent la probabilité conditionnelle de la cible étant donnée une observation.", "Le boosting est une méthode d'apprentissage ensembliste qui combine les prédictions de plusieurs classifieurs pour améliorer la précision.", "Il n'existe pas de recette", "Le Bagging (Bootstrap Aggregating) est une méthode d'apprentissage automatique qui combine les résultats de plusieurs modèles pour améliorer la précision."], "correct_answer": "Le boosting est une méthode d'apprentissage ensembliste qui combine les prédictions de plusieurs classifieurs pour améliorer la précision.", "explanation": "Le boosting est une méthode d'apprentissage ensembliste qui combine les prédictions de plusieurs classifieurs pour améliorer la précision."}}, {"model": "courses.quizquestion", "pk": 216, "fields": {"quiz": 13, "question": "Qu'est-ce que les approches discriminantes?", "choices": ["Il n'existe pas de recette", "Le Bagging (Bootstrap Aggregating) est une méthode d'apprentissage automatique qui combine les résultats de plusieurs modèles pour améliorer la précision.", "Les approches discriminantes sont des méthodes d'apprentissage automatique qui modélisent la probabilité conditionnelle de la cible étant donnée une observation.", "Les approches génératives sont des méthodes d'apprentissage automatique qui modélisent la distribution jointe de la variable observée et de la variable cible."], "correct_answer": "Les approches discriminantes sont des méthodes d'apprentissage automatique qui modélisent la probabilité conditionnelle de la cible étant donnée une observation.", "explanation": "Les approches discriminantes sont des méthodes d'apprentissage automatique qui modélisent la probabilité conditionnelle de la cible étant donnée une observation."}}, {"model": "courses.quizquestion", "pk": 217, "fields": {"quiz": 13, "question": "Quelle est la méthode de l'astuce du noyau pour choisir la bonne fonction noyau?", "choices": ["Le Bagging (Bootstrap Aggregating) est une méthode d'apprentissage automatique qui combine les résultats de plusieurs modèles pour améliorer la précision.", "Les approches génératives sont des méthodes d'apprentissage automatique qui modélisent la distribution jointe de la variable observée et de la variable cible.", "Une fonction de décision est une fonction qui prend une entrée et renvoie une sortie en fonction d'une règle de classification.", "Il n'existe pas de recette"], "correct_answer": "Il n'existe pas de recette", "explanation": "Il n'existe pas de recette"}}, {"model": "courses.quizquestion", "pk": 218, "fields": {"quiz": 13, "question": "Qu'est-ce que le Bagging ?", "choices": ["Le Bagging (Bootstrap Aggregating) est une méthode d'apprentissage automatique qui combine les résultats de plusieurs modèles pour améliorer la précision.", "Les approches génératives sont des méthodes d'apprentissage automatique qui modélisent la distribution jointe de la variable observée et de la variable cible.", "Une fonction de décision est une fonction qui prend une entrée et renvoie une sortie en fonction d'une règle de classification.", "Un produit scalaire est une opération mathématique qui prend deux vecteurs et renvoie un scalaire."], "correct_answer": "Le Bagging (Bootstrap Aggregating) est une méthode d'apprentissage automatique qui combine les résultats de plusieurs modèles pour améliorer la précision.", "explanation": "Le Bagging (Bootstrap Aggregating) est une méthode d'apprentissage automatique qui combine les résultats de plusieurs modèles pour améliorer la précision."}}, {"model": "courses.quizquestion", "pk": 219, "fields": {"quiz": 13, "question": "Qu'est-ce que les approches génératives?", "choices": ["Une fonction de décision est une fonction qui prend une entrée et renvoie une sortie en fonction d'une règle de classification.", "Les approches génératives sont des méthodes d'apprentissage automatique qui modélisent la distribution jointe de la variable observée et de la variable cible.", "Un produit scalaire est une opération mathématique qui prend deux vecteurs et renvoie un scalaire.", "L'ensemble learning est une méthode d'apprentissage automatique qui combine les résultats de plusieurs modèles pour améliorer la précision."], "correct_answer": "Les approches génératives sont des méthodes d'apprentissage automatique qui modélisent la distribution jointe de la variable observée et de la variable cible.", "explanation": "Les approches génératives sont des méthodes d'apprentissage automatique qui modélisent la distribution jointe de la variable observée et de la variable cible."}}, {"model": "courses.quizquestion", "pk": 220, "fields": {"quiz": 13, "question": "Qu'est-ce qu'une fonction de décision?", "choices": ["Un produit scalaire est une opération mathématique qui prend deux vecteurs et renvoie un scalaire.", "L'ensemble learning est une méthode d'apprentissage automatique qui combine les résultats de plusieurs modèles pour améliorer la précision.", "Une fonction de décision est une fonction qui prend une entrée et renvoie une sortie en fonction d'une règle de classification.", "La régression logistique est un modèle de machine learning qui utilise une fonction d'activation logistique pour prédire la cible étant donnée une observation."], "correct_answer": "Une fonction de décision est une fonction qui prend une entrée et renvoie une sortie en fonction d'une règle de classification.", "explanation": "Une fonction de décision est une fonction qui prend une entrée et renvoie une sortie en fonction d'une règle de classification."}}, {"model": "courses.quizquestion", "pk": 221, "fields": {"quiz": 13, "question": "Qu'est-ce qu'un produit scalaire?", "choices": ["L'ensemble learning est une méthode d'apprentissage automatique qui combine les résultats de plusieurs modèles pour améliorer la précision.", "La régression logistique est un modèle de machine learning qui utilise une fonction d'activation logistique pour prédire la cible étant donnée une observation.", "Un classifieur linéaire est un modèle de classification qui utilise une fonction linéaire pour prendre des décisions.", "Un produit scalaire est une opération mathématique qui prend deux vecteurs et renvoie un scalaire."], "correct_answer": "Un produit scalaire est une opération mathématique qui prend deux vecteurs et renvoie un scalaire.", "explanation": "Un produit scalaire est une opération mathématique qui prend deux vecteurs et renvoie un scalaire."}}, {"model": "courses.quizquestion", "pk": 222, "fields": {"quiz": 13, "question": "Qu'est-ce que l'ensemble learning ?", "choices": ["L'ensemble learning est une méthode d'apprentissage automatique qui combine les résultats de plusieurs modèles pour améliorer la précision.", "La régression logistique est un modèle de machine learning qui utilise une fonction d'activation logistique pour prédire la cible étant donnée une observation.", "Un classifieur linéaire est un modèle de classification qui utilise une fonction linéaire pour prendre des décisions.", "Une approche discriminante est une méthode qui consiste à modéliser la probabilité conditionnelle de la cible étant donnée une observation."], "correct_answer": "L'ensemble learning est une méthode d'apprentissage automatique qui combine les résultats de plusieurs modèles pour améliorer la précision.", "explanation": "L'ensemble learning est une méthode d'apprentissage automatique qui combine les résultats de plusieurs modèles pour améliorer la précision."}}, {"model": "courses.quizquestion", "pk": 223, "fields": {"quiz": 14, "question": "Qu'est-ce qu'une structure de données abstraite ?", "choices": ["Une structure de données qui spécifie un type de données et des opérations sans décrire leur implantation.", "Une structure de données qui décrit uniquement l'implantation.", "Une structure de données qui ne permet pas d'opérations.", "Une structure de données qui ne peut pas être utilisée dans les algorithmes."], "correct_answer": "Une structure de données qui spécifie un type de données et des opérations sans décrire leur implantation.", "explanation": "Une structure de données abstraite se concentre sur les opérations possibles et leur comportement, indépendamment de leur mise en œuvre."}}, {"model": "courses.quizquestion", "pk": 224, "fields": {"quiz": 14, "question": "Comment est défini un graphe orienté ?", "choices": ["Un graphe orienté est un ensemble de sommets sans arcs.", "Un graphe orienté est un couple (V, E) avec V comme ensemble de sommets et E comme ensemble d'arcs.", "Un graphe orienté ne peut pas avoir de cycles.", "Un graphe orienté est un graphe où tous les arcs sont bidirectionnels."], "correct_answer": "Un graphe orienté est un couple (V, E) avec V comme ensemble de sommets et E comme ensemble d'arcs.", "explanation": "La définition d'un graphe orienté inclut les sommets et les arcs, où chaque arc a une direction."}}, {"model": "courses.quizquestion", "pk": 225, "fields": {"quiz": 14, "question": "Quel est le principe de l'algorithme de parcours en profondeur ?", "choices": ["Il utilise une file pour gérer les sommets à explorer.", "Il utilise une pile pour gérer les sommets à explorer.", "Il explore tous les sommets en une seule passe.", "Il ne traite que les sommets de degré 1."], "correct_answer": "Il utilise une pile pour gérer les sommets à explorer.", "explanation": "L'algorithme de parcours en profondeur utilise une pile pour explorer les sommets de manière récursive."}}, {"model": "courses.quizquestion", "pk": 226, "fields": {"quiz": 14, "question": "Qu'est-ce qu'un st-chemin dans un graphe résiduel ?", "choices": ["Un chemin qui ne permet pas d'augmenter le flot.", "Un st-chemin permet d'augmenter le flot sur les arcs avant et de diminuer le flot sur les arcs arrière.", "Un chemin qui relie uniquement des sommets de degré 0.", "Un chemin qui ne contient que des arcs saturés."], "correct_answer": "Un st-chemin permet d'augmenter le flot sur les arcs avant et de diminuer le flot sur les arcs arrière.", "explanation": "Un st-chemin dans un graphe résiduel est essentiel pour ajuster le flot dans le réseau."}}, {"model": "courses.quizquestion", "pk": 227, "fields": {"quiz": 14, "question": "Quelle est la complexité en espérance d'un algorithme de sélection randomisé ?", "choices": ["Θ(n log n)", "Θ(n)", "Θ(n^2)", "Θ(1)"], "correct_answer": "Θ(n)", "explanation": "L'algorithme de sélection randomisé a une complexité en espérance de Θ(n), ce qui le rend efficace pour cette tâche."}}, {"model": "courses.quizquestion", "pk": 228, "fields": {"quiz": 14, "question": "Quand existe un ordre topologique dans un graphe orienté ?", "choices": ["Un ordre topologique existe si le graphe est acyclique.", "Un ordre topologique existe pour tous les graphes orientés.", "Un ordre topologique existe uniquement si le graphe est complet.", "Un ordre topologique existe si le graphe a au moins un cycle."], "correct_answer": "Un ordre topologique existe si le graphe est acyclique.", "explanation": "Un ordre topologique est possible uniquement pour les graphes orientés acycliques (DAG)."}}, {"model": "courses.quizquestion", "pk": 229, "fields": {"quiz": 14, "question": "Quelle relation existe entre le flot maximum et la coupe minimum dans un graphe ?", "choices": ["La valeur d'un flot maximum est toujours inférieure à la capacité de la coupe minimum.", "La valeur d'un flot maximum est égale à la capacité de la coupe minimum.", "Il n'y a pas de relation entre flot maximum et coupe minimum.", "La valeur d'un flot maximum est supérieure à la capacité de la coupe minimum."], "correct_answer": "La valeur d'un flot maximum est égale à la capacité de la coupe minimum.", "explanation": "C'est le théorème du flot maximum et de la coupe minimum, qui établit cette relation fondamentale."}}, {"model": "courses.quizquestion", "pk": 230, "fields": {"quiz": 14, "question": "Comment est définie la distance entre deux sommets dans un graphe ?", "choices": ["La distance est le nombre d'arcs entre les deux sommets.", "La distance est définie par d(s, t) = minP : st-chemin l(P).", "La distance est toujours égale à 1.", "La distance est la somme des poids des arcs."], "correct_answer": "La distance est définie par d(s, t) = minP : st-chemin l(P).", "explanation": "La distance entre deux sommets est mesurée par le chemin le plus court entre eux."}}, {"model": "courses.quizquestion", "pk": 231, "fields": {"quiz": 14, "question": "Comment est défini un flot initial dans un graphe ?", "choices": ["La fonction f assigne à chaque arc e la borne supérieure u(e)", "La fonction f assigne à chaque arc e la borne inférieure ℓ(e)", "La fonction f assigne à chaque arc e une valeur aléatoire", "La fonction f assigne à chaque arc e la capacité maximale c(e)"], "correct_answer": "La fonction f assigne à chaque arc e la borne inférieure ℓ(e)", "explanation": "Un flot initial est défini par l'assignation de la borne inférieure à chaque arc."}}, {"model": "courses.quizquestion", "pk": 232, "fields": {"quiz": 14, "question": "Quand l'algorithme de Ford-Fulkerson peut-il ne pas terminer ?", "choices": ["Lorsque toutes les capacités sont entières", "Lorsque des capacités irrationnelles sont présentes", "Lorsque le graphe est acyclique", "Lorsque le flot est maximal"], "correct_answer": "Lorsque des capacités irrationnelles sont présentes", "explanation": "Des capacités irrationnelles peuvent empêcher l'algorithme de converger."}}, {"model": "courses.quizquestion", "pk": 233, "fields": {"quiz": 14, "question": "Que signifie Lv = dv dans le contexte des flots ?", "choices": ["Le flot est nul pour le sommet v", "Le flot satisfait les demandes requises", "Le flot est supérieur aux demandes", "Le flot est inférieur aux demandes"], "correct_answer": "Le flot satisfait les demandes requises", "explanation": "Cette condition indique que le flot est équilibré par rapport aux demandes."}}, {"model": "courses.quizquestion", "pk": 234, "fields": {"quiz": 14, "question": "Quel est le facteur d'approximation de l'algorithme LSA pour l'ordonnancement des tâches ?", "choices": ["1", "2", "3", "4"], "correct_answer": "2", "explanation": "L'algorithme LSA a un facteur d'approximation de 2 pour l'ordonnancement."}}, {"model": "courses.quizquestion", "pk": 235, "fields": {"quiz": 14, "question": "Qu'est-ce qu'un invariant d'un type de données ?", "choices": ["Une propriété vérifiée par toute instance correcte de ce type", "Une méthode pour créer des instances de ce type", "Une fonction qui modifie les instances de ce type", "Une structure de données associée à ce type"], "correct_answer": "Une propriété vérifiée par toute instance correcte de ce type", "explanation": "Un invariant est une condition qui doit être maintenue pour garantir la validité des instances."}}, {"model": "courses.quizquestion", "pk": 236, "fields": {"quiz": 14, "question": "Comment est représenté un graphe par liste d'incidence ?", "choices": ["Avec un tableau pour stocker les sommets", "Avec un tableau pour stocker les arcs sortants de chaque sommet", "Avec une matrice d'adjacence", "Avec une liste de sommets uniquement"], "correct_answer": "Avec un tableau pour stocker les arcs sortants de chaque sommet", "explanation": "La liste d'incidence utilise un tableau pour représenter les arcs associés à chaque sommet."}}, {"model": "courses.quizquestion", "pk": 237, "fields": {"quiz": 14, "question": "Qu'est-ce qu'une liste en tant que structure de données ?", "choices": ["Une structure de données qui ne permet pas d'accès séquentiel", "Une structure de données qui représente des séquences avec accès aléatoire", "Une structure de données abstraite permettant de représenter des séquences", "Une structure de données qui ne peut contenir que des entiers"], "correct_answer": "Une structure de données abstraite permettant de représenter des séquences", "explanation": "Les listes sont des structures abstraites qui permettent de gérer des séquences d'éléments."}}, {"model": "courses.quizquestion", "pk": 238, "fields": {"quiz": 14, "question": "Que stipule la loi de conservation dans un st-flot ?", "choices": ["Le flux sortant doit être supérieur au flux entrant", "Le flux entrant doit être égal au flux sortant pour tous les sommets", "Le flux doit être constant dans le temps", "Le flux sortant doit être nul pour la source"], "correct_answer": "Le flux entrant doit être égal au flux sortant pour tous les sommets", "explanation": "La loi de conservation stipule que pour chaque sommet, le flux entrant doit égaler le flux sortant."}}, {"model": "courses.quizquestion", "pk": 239, "fields": {"quiz": 14, "question": "Quel est l'objectif de l'algorithme de Dijkstra ?", "choices": ["Trouver le chemin le plus long dans un graphe", "Trouver les plus courts chemins depuis une source dans un graphe orienté", "Trouver tous les cycles dans un graphe", "Trouver le flot maximum dans un graphe"], "correct_answer": "Trouver les plus courts chemins depuis une source dans un graphe orienté", "explanation": "L'algorithme de Dijkstra est utilisé pour déterminer les chemins les plus courts à partir d'une source donnée."}}, {"model": "courses.quizquestion", "pk": 240, "fields": {"quiz": 14, "question": "Comment fonctionne un flot de coût minimum ?", "choices": ["Il maximise le flot dans le graphe", "Il minimise le coût total des arcs utilisés", "Il ne prend pas en compte les capacités des arcs", "Il utilise uniquement des arcs de coût nul"], "correct_answer": "Il minimise le coût total des arcs utilisés", "explanation": "Un flot de coût minimum cherche à minimiser le coût associé au flot dans le réseau."}}, {"model": "courses.quizquestion", "pk": 241, "fields": {"quiz": 14, "question": "Qu'est-ce qu'un appariement maximal pour une séquence d'ARN ?", "choices": ["Un appariement qui respecte les contraintes de non-croisement", "Un appariement qui contient le moins de paires possibles", "Un appariement qui ne respecte aucune contrainte", "Un appariement qui maximise le nombre de paires croisées"], "correct_answer": "Un appariement qui respecte les contraintes de non-croisement", "explanation": "Un appariement maximal pour une séquence d'ARN doit respecter les contraintes de non-croisement pour être valide."}}, {"model": "courses.quizquestion", "pk": 242, "fields": {"quiz": 14, "question": "Comment est mesurée la complexité asymptotique d'un algorithme ?", "choices": ["En nombre d'opérations élémentaires dans le meilleur des cas", "En nombre d'opérations élémentaires dans le pire des cas", "En temps d'exécution réel", "En espace mémoire utilisé"], "correct_answer": "En nombre d'opérations élémentaires dans le pire des cas", "explanation": "La complexité asymptotique est généralement mesurée en fonction du nombre d'opérations dans le pire des cas."}}, {"model": "courses.quizquestion", "pk": 243, "fields": {"quiz": 14, "question": "Qu'est-ce qu'une sous-séquence ?", "choices": ["La complexité en espérance d'un algorithme de sélection randomisé est Θ(n).", "Une sous-séquence est une séquence obtenue en supprimant des éléments d'une séquence sans changer l'ordre des éléments.", "P(A ∩ B) = P(A) × P(B) pour des événements A et B indépendants.", "Les listes sont des structures de données abstraites permettant de représenter des séquences avec accès au dernier élément ajouté (LIFO)."], "correct_answer": "Une sous-séquence est une séquence obtenue en supprimant des éléments d'une séquence sans changer l'ordre des éléments.", "explanation": "Une sous-séquence est une séquence obtenue en supprimant des éléments d'une séquence sans changer l'ordre des éléments."}}, {"model": "courses.quizquestion", "pk": 244, "fields": {"quiz": 14, "question": "Quelle est la formule pour des événements A et B indépendants ?", "choices": ["Les listes sont des structures de données abstraites permettant de représenter des séquences avec accès au dernier élément ajouté (LIFO).", "La complexité d'insertion dans un tas binaire est O(log n).", "Un ordre topologique d'un graphe orienté existe si et seulement si le graphe est acyclique.", "P(A ∩ B) = P(A) × P(B) pour des événements A et B indépendants."], "correct_answer": "P(A ∩ B) = P(A) × P(B) pour des événements A et B indépendants.", "explanation": "P(A ∩ B) = P(A) × P(B) pour des événements A et B indépendants."}}, {"model": "courses.quizquestion", "pk": 245, "fields": {"quiz": 14, "question": "Quelle est la complexité d'insertion dans un tas binaire ?", "choices": ["Un ordre topologique d'un graphe orienté existe si et seulement si le graphe est acyclique.", "La complexité d'insertion dans un tas binaire est O(log n).", "La valeur d'un flot maximum est égale à la capacité de la coupe minimum dans le graphe.", "Pour tout sommet v, Lv = Σe∈δ−(v) f0(e) - Σe∈δ+(v) f0(e) représente le déséquilibre du flot."], "correct_answer": "La complexité d'insertion dans un tas binaire est O(log n).", "explanation": "La complexité d'insertion dans un tas binaire est O(log n)."}}, {"model": "courses.quizquestion", "pk": 246, "fields": {"quiz": 14, "question": "Comment est représenté le déséquilibre du flot pour un sommet v ?", "choices": ["Pour tout sommet v, Lv = Σe∈δ−(v) f0(e) - Σe∈δ+(v) f0(e) représente le déséquilibre du flot.", "Pour un algorithme déterministe de sélection, le choix du pivot se fait par la méthode des médianes des médianes.", "Dans un accès simultané à une base de données, si au moins deux processus tentent d'accéder, la base est verrouillée.", "La recherche dichotomique dans un tableau trié a une complexité de O(log n)."], "correct_answer": "Pour tout sommet v, Lv = Σe∈δ−(v) f0(e) - Σe∈δ+(v) f0(e) représente le déséquilibre du flot.", "explanation": "Pour tout sommet v, Lv = Σe∈δ−(v) f0(e) - Σe∈δ+(v) f0(e) représente le déséquilibre du flot."}}, {"model": "courses.quizquestion", "pk": 247, "fields": {"quiz": 14, "question": "Comment se fait le choix du pivot dans un algorithme déterministe de sélection ?", "choices": ["Dans un accès simultané à une base de données, si au moins deux processus tentent d'accéder, la base est verrouillée.", "Pour un algorithme déterministe de sélection, le choix du pivot se fait par la méthode des médianes des médianes.", "La recherche dichotomique dans un tableau trié a une complexité de O(log n).", "La loi de conservation dans un st-flot stipule que pour tout sommet, le flux entrant doit égaler le flux sortant, sauf pour la source et le puits."], "correct_answer": "Pour un algorithme déterministe de sélection, le choix du pivot se fait par la méthode des médianes des médianes.", "explanation": "Pour un algorithme déterministe de sélection, le choix du pivot se fait par la méthode des médianes des médianes."}}, {"model": "courses.quizquestion", "pk": 248, "fields": {"quiz": 14, "question": "Que se passe-t-il lors d'un accès simultané à une base de données ?", "choices": ["La recherche dichotomique dans un tableau trié a une complexité de O(log n).", "La loi de conservation dans un st-flot stipule que pour tout sommet, le flux entrant doit égaler le flux sortant, sauf pour la source et le puits.", "Dans un accès simultané à une base de données, si au moins deux processus tentent d'accéder, la base est verrouillée.", "L'algorithme de Ford-Fulkerson peut ne pas terminer si des capacités irrationnelles sont présentes dans le graphe."], "correct_answer": "Dans un accès simultané à une base de données, si au moins deux processus tentent d'accéder, la base est verrouillée.", "explanation": "Dans un accès simultané à une base de données, si au moins deux processus tentent d'accéder, la base est verrouillée."}}, {"model": "courses.quizquestion", "pk": 249, "fields": {"quiz": 14, "question": "Quelle est la complexité de la recherche dichotomique dans un tableau trié ?", "choices": ["La loi de conservation dans un st-flot stipule que pour tout sommet, le flux entrant doit égaler le flux sortant, sauf pour la source et le puits.", "L'algorithme de Ford-Fulkerson peut ne pas terminer si des capacités irrationnelles sont présentes dans le graphe.", "Si Lv = dv, le flot satisfait les demandes requises; sinon, il faut ajuster les demandes et capacités.", "La recherche dichotomique dans un tableau trié a une complexité de O(log n)."], "correct_answer": "La recherche dichotomique dans un tableau trié a une complexité de O(log n).", "explanation": "La recherche dichotomique dans un tableau trié a une complexité de O(log n)."}}, {"model": "courses.quizquestion", "pk": 250, "fields": {"quiz": 14, "question": "Combien de sous-séquences possibles existe-t-il pour une séquence de longueur n ?", "choices": ["L'algorithme LSA pour l'ordonnancement des tâches a un facteur d'approximation de 2.", "La probabilité qu'un processus réussisse à accéder à la base est P(S[i, t]) = p(1 − p)^(n−1).", "Un invariant d'un type de données est une propriété vérifiée par toute instance correcte de ce type.", "Le nombre total de sous-séquences possibles d'une séquence S de longueur n est 2^|S|."], "correct_answer": "Le nombre total de sous-séquences possibles d'une séquence S de longueur n est 2^|S|.", "explanation": "Le nombre total de sous-séquences possibles d'une séquence S de longueur n est 2^|S|."}}, {"model": "courses.quizquestion", "pk": 251, "fields": {"quiz": 14, "question": "Quelle est la probabilité qu'un processus réussisse à accéder à la base ?", "choices": ["Un invariant d'un type de données est une propriété vérifiée par toute instance correcte de ce type.", "La probabilité qu'un processus réussisse à accéder à la base est P(S[i, t]) = p(1 − p)^(n−1).", "La représentation par liste d'incidence d'un graphe utilise un tableau pour stocker les arcs sortants de chaque sommet, permettant un accès en O(1).", "Un st-flot est une fonction qui respecte la loi de capacité, où le flux sur chaque arc ne dépasse pas sa capacité maximale."], "correct_answer": "La probabilité qu'un processus réussisse à accéder à la base est P(S[i, t]) = p(1 − p)^(n−1).", "explanation": "La probabilité qu'un processus réussisse à accéder à la base est P(S[i, t]) = p(1 − p)^(n−1)."}}, {"model": "courses.quizquestion", "pk": 252, "fields": {"quiz": 14, "question": "Qu'est-ce qu'un st-flot ?", "choices": ["Un st-flot est une fonction qui respecte la loi de capacité, où le flux sur chaque arc ne dépasse pas sa capacité maximale.", "La complexité de l'algorithme de Ford-Fulkerson est O(|V|.|E|^2) lorsqu'il utilise des chemins de coût minimum.", "La distance entre deux sommets s et t d'un graphe G est définie par d(s, t) = minP : st-chemin l(P).", "La complexité de l'algorithme de recherche d'une plus longue sous-séquence commune est O(nm), où n et m sont les longueurs des deux séquences."], "correct_answer": "Un st-flot est une fonction qui respecte la loi de capacité, où le flux sur chaque arc ne dépasse pas sa capacité maximale.", "explanation": "Un st-flot est une fonction qui respecte la loi de capacité, où le flux sur chaque arc ne dépasse pas sa capacité maximale."}}, {"model": "courses.quizattempt", "pk": 1, "fields": {"quiz": 5, "user": 1, "score": 8, "total_questions": 21, "percentage": 38.1, "completed_at": "2026-06-12T09:02:07.431Z"}}, {"model": "courses.quizattempt", "pk": 2, "fields": {"quiz": 6, "user": 1, "score": 4, "total_questions": 15, "percentage": 26.67, "completed_at": "2026-06-14T11:32:51.053Z"}}, {"model": "courses.quizattempt", "pk": 5, "fields": {"quiz": 12, "user": 1, "score": 9, "total_questions": 13, "percentage": 69.23, "completed_at": "2026-06-14T14:09:46.263Z"}}, {"model": "courses.quizattempt", "pk": 6, "fields": {"quiz": 13, "user": 1, "score": 7, "total_questions": 17, "percentage": 41.18, "completed_at": "2026-06-14T14:20:10.921Z"}}, {"model": "courses.quizattempt", "pk": 7, "fields": {"quiz": 14, "user": 1, "score": 7, "total_questions": 30, "percentage": 23.33, "completed_at": "2026-06-15T10:28:44.001Z"}}, {"model": "planning.availability", "pk": 1, "fields": {"day": "Lundi", "start_time": "18:00:00", "end_time": "19:00:00", "user": 1}}, {"model": "planning.availability", "pk": 2, "fields": {"day": "Mercredi", "start_time": "18:00:00", "end_time": "19:00:00", "user": 1}}, {"model": "planning.availability", "pk": 3, "fields": {"day": "Samedi", "start_time": "08:00:00", "end_time": "19:00:00", "user": 1}}, {"model": "planning.availability", "pk": 6, "fields": {"day": "Lundi", "start_time": "10:00:00", "end_time": "13:30:00", "user": 1}}, {"model": "planning.availability", "pk": 7, "fields": {"day": "Mercredi", "start_time": "15:30:00", "end_time": "21:20:00", "user": 1}}, {"model": "planning.revisionplan", "pk": 1, "fields": {"title": "Planning IA - Flashcards - cours3", "description": "Planning de révision généré automatiquement par l'IA", "exam_date": "2026-06-21", "priority": "high", "goal": "Réviser Flashcards - cours3 avant l'examen", "user": 1, "created_at": "2026-06-12T08:17:43.033Z"}}, {"model": "planning.revisionplan", "pk": 2, "fields": {"title": "Planning IA - Flashcards - notes-de-cours", "description": "Planning de révision généré automatiquement par l'IA", "exam_date": "2026-06-23", "priority": "high", "goal": "Réviser Flashcards - notes-de-cours avant l'examen", "user": 1, "created_at": "2026-06-15T10:30:15.480Z"}}, {"model": "planning.revisionsession", "pk": 1, "fields": {"date": "2026-06-15", "start_time": "18:00:00", "end_time": "19:00:00", "status": "planned", "title": "Réviser les notions principales", "description": "summary", "location": "Planning IA", "color": "#8B6CF6", "revisionPlan": 1, "deck": 1}}, {"model": "planning.revisionsession", "pk": 2, "fields": {"date": "2026-06-17", "start_time": "18:00:00", "end_time": "19:00:00", "status": "planned", "title": "Réviser les flashcards difficiles", "description": "flashcards", "location": "Planning IA", "color": "#8B6CF6", "revisionPlan": 1, "deck": 1}}, {"model": "planning.revisionsession", "pk": 3, "fields": {"date": "2026-06-20", "start_time": "08:00:00", "end_time": "09:00:00", "status": "planned", "title": "Réviser les notions principales", "description": "summary", "location": "Planning IA", "color": "#8B6CF6", "revisionPlan": 1, "deck": 1}}, {"model": "planning.revisionsession", "pk": 4, "fields": {"date": "2026-06-13", "start_time": "09:00:00", "end_time": "10:00:00", "status": "planned", "title": "Réviser les flashcards difficiles", "description": "flashcards", "location": "Planning IA", "color": "#8B6CF6", "revisionPlan": 1, "deck": 1}}, {"model": "planning.revisionsession", "pk": 5, "fields": {"date": "2026-06-22", "start_time": "18:00:00", "end_time": "19:00:00", "status": "planned", "title": "Réviser les notions principales", "description": "flashcards", "location": "Planning IA", "color": "#8B6CF6", "revisionPlan": 2, "deck": 6}}, {"model": "planning.revisionsession", "pk": 6, "fields": {"date": "2026-06-17", "start_time": "18:00:00", "end_time": "19:00:00", "status": "planned", "title": "Consolider les connaissances", "description": "flashcards", "location": "Planning IA", "color": "#8B6CF6", "revisionPlan": 2, "deck": 6}}, {"model": "planning.revisionsession", "pk": 7, "fields": {"date": "2026-06-20", "start_time": "10:00:00", "end_time": "12:00:00", "status": "planned", "title": "Pratiquer les questions types", "description": "quiz", "location": "Planning IA", "color": "#8B6CF6", "revisionPlan": 2, "deck": 6}}, {"model": "todos.todo", "pk": 1, "fields": {"title": "Réviser les notions importantes", "description": "Revoir les concepts clés du cours 3", "subject": "cours3", "status": "done", "due_date": "2026-06-15", "priority": "high", "user": 1, "revision_session": 1}}, {"model": "todos.todo", "pk": 2, "fields": {"title": "Réviser les flashcards difficiles", "description": "Revoir les cartes difficiles du cours 3", "subject": "cours3", "status": "todo", "due_date": "2026-06-17", "priority": "high", "user": 1, "revision_session": 2}}, {"model": "todos.todo", "pk": 3, "fields": {"title": "Réviser les notions importantes", "description": "Revoir les concepts clés du cours 3", "subject": "cours3", "status": "todo", "due_date": "2026-06-20", "priority": "medium", "user": 1, "revision_session": 3}}, {"model": "todos.todo", "pk": 4, "fields": {"title": "Réviser les flashcards difficiles", "description": "Revoir les cartes difficiles du cours 3", "subject": "cours3", "status": "todo", "due_date": "2026-06-13", "priority": "high", "user": 1, "revision_session": 4}}, {"model": "todos.todo", "pk": 5, "fields": {"title": "Réviser les cartes importantes", "description": "Revoir les cartes difficiles", "subject": "notes-de-cours", "status": "todo", "due_date": "2026-06-22", "priority": "high", "user": 1, "revision_session": 5}}, {"model": "todos.todo", "pk": 6, "fields": {"title": "Réviser les cartes supplémentaires", "description": "Travailler sur les cartes moins maîtrisées", "subject": "notes-de-cours", "status": "todo", "due_date": "2026-06-17", "priority": "high", "user": 1, "revision_session": 6}}, {"model": "todos.todo", "pk": 7, "fields": {"title": "Faire des quiz pratiques", "description": "Tester les connaissances avec des quiz", "subject": "notes-de-cours", "status": "todo", "due_date": "2026-06-20", "priority": "high", "user": 1, "revision_session": 7}}, {"model": "authtoken.token", "pk": "c3159c3d27814f114ec9986dde86218c93621f83", "fields": {"user": 1, "created": "2026-06-15T09:41:04.870Z"}}, {"model": "accounts.userprofile", "pk": 1, "fields": {"user": 1, "bio": "", "school": "Aix Marseille univ", "study_level": "licence 3", "preferred_subjects": [], "avatar": "profile_pictures/3.jpg"}}]
